lambda,test_mse
0,0.226196975
0,0.632196009
0,0.273473769
0,0.18393296
0,0.732810676
0,0.202412292
0,0.122342892
0,0.641859293
0,0.270109057
0,0.377451301
0,0.102097034
0,0.277974159
0,0.479855329
0,0.210030511
0,0.141890168
0,0.110510111
0,0.420789957
0,0.321742892
0,0.41464293
0,0.228943557
0,0.303845257
0,0.579573214
0,0.287158936
0,0.144008651
0,0.213050619
0,0.586526692
0,0.132487655
0,0.263004124
0,0.110017091
0,0.10848549
0,0.115543552
0,0.119937301
0,0.143075854
0,0.09973342
0,0.665141344
0,0.150138825
0,0.162315637
0,0.620701671
0,0.290816933
0,0.09565112
0,0.460366845
0,0.320021451
0,0.150667384
0,0.36111021
0,0.112727851
0,0.204404593
0,0.233678907
0,0.103538819
0,0.176394343
0,0.233980253
1,0.229131326
1,0.627685726
1,0.270570368
1,0.185818419
1,0.720374525
1,0.214132458
1,0.125917137
1,0.627343953
1,0.263846636
1,0.371484548
1,0.103497788
1,0.270983398
1,0.465919346
1,0.212508783
1,0.141336277
1,0.10960494
1,0.417503655
1,0.315480947
1,0.410918504
1,0.222002372
1,0.302325815
1,0.572818398
1,0.283489734
1,0.146152675
1,0.208898991
1,0.582411945
1,0.134228915
1,0.255957961
1,0.110613644
1,0.108144335
1,0.112614453
1,0.121817552
1,0.142450675
1,0.102008015
1,0.660739183
1,0.150715366
1,0.164280653
1,0.6106745
1,0.294982404
1,0.09602724
1,0.458550543
1,0.31903255
1,0.151056647
1,0.353780955
1,0.115227751
1,0.206055552
1,0.230332911
1,0.102538712
1,0.178767934
1,0.234778702
2,0.230436221
2,0.622038245
2,0.269194394
2,0.185952589
2,0.687655032
2,0.224949911
2,0.128340602
2,0.62225461
2,0.258102536
2,0.364045948
2,0.104338266
2,0.272688657
2,0.446543157
2,0.212739065
2,0.142381653
2,0.11019659
2,0.405949265
2,0.311250627
2,0.405229717
2,0.215888366
2,0.30082202
2,0.569027603
2,0.275927156
2,0.14678438
2,0.203797325
2,0.574376941
2,0.134836167
2,0.246311396
2,0.11019516
2,0.10973148
2,0.109577641
2,0.123326018
2,0.143822193
2,0.104354717
2,0.649047613
2,0.154454559
2,0.171077996
2,0.606409252
2,0.301579386
2,0.097153403
2,0.45441103
2,0.318321079
2,0.152074486
2,0.340650737
2,0.118077189
2,0.21067141
2,0.222981393
2,0.102260418
2,0.179841697
2,0.23459509
3,0.224201843
3,0.606745958
3,0.261443049
3,0.191061437
3,0.672273278
3,0.235640779
3,0.130944237
3,0.595727265
3,0.251986623
3,0.356911063
3,0.106920287
3,0.264490575
3,0.437684417
3,0.218248934
3,0.142471492
3,0.109104514
3,0.400679857
3,0.299882948
3,0.39436543
3,0.209606886
3,0.29439202
3,0.548580885
3,0.26682654
3,0.150308326
3,0.193507612
3,0.556076467
3,0.136006027
3,0.240238041
3,0.112367392
3,0.110343419
3,0.107064068
3,0.125523001
3,0.142946139
3,0.107456855
3,0.628733516
3,0.156200245
3,0.175102383
3,0.587482095
3,0.308005422
3,0.099008501
3,0.439887375
3,0.319334149
3,0.15037106
3,0.331506073
3,0.121634558
3,0.206489712
3,0.221594349
3,0.102106549
3,0.185210466
3,0.230091497
4,0.221452847
4,0.595487773
4,0.256550133
4,0.192196235
4,0.659246624
4,0.242918938
4,0.1360486
4,0.586243331
4,0.244657591
4,0.352351427
4,0.109386474
4,0.263285547
4,0.420701623
4,0.220585495
4,0.144122407
4,0.110835761
4,0.397921681
4,0.29374525
4,0.38167423
4,0.209926933
4,0.291853666
4,0.54166466
4,0.269419461
4,0.151874781
4,0.196211785
4,0.551012576
4,0.140024737
4,0.239591166
4,0.11199782
4,0.111407623
4,0.10526184
4,0.127499625
4,0.143802136
4,0.111141905
4,0.621331871
4,0.158777609
4,0.181240112
4,0.576392055
4,0.313152939
4,0.100818746
4,0.437609285
4,0.320661604
4,0.151007727
4,0.324009538
4,0.125473648
4,0.205672875
4,0.216778621
4,0.103622206
4,0.187881768
4,0.225957304
5,0.219114974
5,0.589822352
5,0.25153932
5,0.194924235
5,0.640266895
5,0.248021841
5,0.13727437
5,0.57714802
5,0.239620596
5,0.344685435
5,0.109877892
5,0.259607613
5,0.410781354
5,0.224561572
5,0.144863084
5,0.110545918
5,0.386435181
5,0.289820582
5,0.376734704
5,0.200087547
5,0.286148369
5,0.529901743
5,0.259384871
5,0.154577032
5,0.185150295
5,0.534748852
5,0.138201252
5,0.23415938
5,0.113169409
5,0.111376122
5,0.104418479
5,0.129453704
5,0.142592117
5,0.112059653
5,0.608006775
5,0.162169561
5,0.182229638
5,0.565286756
5,0.317264885
5,0.101632036
5,0.431715161
5,0.318978161
5,0.14928852
5,0.312945217
5,0.126982614
5,0.204060167
5,0.213145494
5,0.102562875
5,0.189360544
5,0.223545715
6,0.220331833
6,0.593854666
6,0.255895734
6,0.192501843
6,0.641713619
6,0.242936566
6,0.132107943
6,0.574397624
6,0.240873158
6,0.349488646
6,0.108896598
6,0.261003137
6,0.419784278
6,0.220037431
6,0.142784685
6,0.109540068
6,0.385992885
6,0.292352617
6,0.378552854
6,0.202200413
6,0.28776291
6,0.533525765
6,0.259733558
6,0.153139353
6,0.186227024
6,0.535952926
6,0.137669712
6,0.236811116
6,0.112768546
6,0.111274526
6,0.105213143
6,0.127419889
6,0.144281849
6,0.110533148
6,0.611431539
6,0.158126131
6,0.176523149
6,0.567738652
6,0.314331591
6,0.100241177
6,0.434114605
6,0.320001185
6,0.151942268
6,0.314039618
6,0.124659263
6,0.206917092
6,0.213505939
6,0.102993116
6,0.186730787
6,0.224145576
7,0.222156167
7,0.59071821
7,0.252883673
7,0.193711892
7,0.630237639
7,0.248363584
7,0.136608154
7,0.571632624
7,0.238579914
7,0.346991718
7,0.109921589
7,0.258316666
7,0.415026814
7,0.221335635
7,0.144529507
7,0.111839086
7,0.384323567
7,0.288482338
7,0.377328396
7,0.199461669
7,0.290016621
7,0.530393183
7,0.259646922
7,0.153442234
7,0.184409633
7,0.536009669
7,0.139583513
7,0.233537659
7,0.112819627
7,0.111359939
7,0.104330391
7,0.129452825
7,0.142442152
7,0.112113111
7,0.606165111
7,0.161054194
7,0.181279108
7,0.567127466
7,0.318067163
7,0.101781346
7,0.433461547
7,0.319571286
7,0.149349377
7,0.313487381
7,0.127063438
7,0.206565589
7,0.212971881
7,0.103682972
7,0.187795773
7,0.223259404
8,0.21914205
8,0.582013369
8,0.249023616
8,0.196931571
8,0.617857456
8,0.252322286
8,0.137479499
8,0.563682735
8,0.23579146
8,0.341488123
8,0.110919155
8,0.257876098
8,0.406485617
8,0.225514948
8,0.143339589
8,0.110000767
8,0.379994065
8,0.285008609
8,0.37366426
8,0.19686842
8,0.283243209
8,0.522911191
8,0.254750162
8,0.156516939
8,0.180328175
8,0.524441242
8,0.139778078
8,0.229395077
8,0.114024691
8,0.112454385
8,0.102588408
8,0.130590677
8,0.143767416
8,0.114210233
8,0.595277011
8,0.165894166
8,0.183670595
8,0.557626963
8,0.321330458
8,0.10276527
8,0.428977042
8,0.321227133
8,0.150703907
8,0.303920656
8,0.129243612
8,0.208036125
8,0.210127249
8,0.104810052
8,0.192137599
8,0.219588473
9,0.217404008
9,0.579128265
9,0.249162748
9,0.197944626
9,0.611934602
9,0.255446732
9,0.136917442
9,0.556857824
9,0.234138578
9,0.341952622
9,0.111066476
9,0.254746646
9,0.405408591
9,0.22522597
9,0.143244967
9,0.11216642
9,0.377767205
9,0.285443842
9,0.369779259
9,0.197133809
9,0.2841658
9,0.519433558
9,0.252574563
9,0.15419212
9,0.182518959
9,0.525244653
9,0.140130401
9,0.228472903
9,0.11490611
9,0.111859858
9,0.102955125
9,0.13071166
9,0.142742172
9,0.113468595
9,0.592589557
9,0.163648054
9,0.183800906
9,0.556001723
9,0.320378721
9,0.102319732
9,0.427552015
9,0.320731699
9,0.150259241
9,0.303185374
9,0.12884745
9,0.205627412
9,0.209079832
9,0.104180351
9,0.191053778
9,0.220658764
10,0.216441765
10,0.574486613
10,0.247690067
10,0.197994292
10,0.606884241
10,0.26106751
10,0.14200604
10,0.556120813
10,0.233396873
10,0.339046001
10,0.113141142
10,0.255916387
10,0.392553508
10,0.226035506
10,0.144444272
10,0.113019057
10,0.377445608
10,0.280303717
10,0.367585242
10,0.193896875
10,0.284675807
10,0.51718092
10,0.25463903
10,0.157320037
10,0.178776845
10,0.519101083
10,0.143073842
10,0.226426095
10,0.114979282
10,0.111644499
10,0.101855271
10,0.132001564
10,0.142432928
10,0.116326585
10,0.590288281
10,0.166917324
10,0.186005279
10,0.553302348
10,0.324373126
10,0.104143411
10,0.425001651
10,0.319898188
10,0.148064688
10,0.301699996
10,0.132610098
10,0.204497546
10,0.208215073
10,0.106129661
10,0.19446075
10,0.22035031
11,0.208281472
11,0.556838632
11,0.237176508
11,0.20286876
11,0.584915936
11,0.265959442
11,0.143026948
11,0.531666458
11,0.219654977
11,0.328875154
11,0.115415379
11,0.248179719
11,0.386607409
11,0.232216984
11,0.145657882
11,0.11355672
11,0.363784671
11,0.273149341
11,0.354200989
11,0.188516095
11,0.273762852
11,0.497339398
11,0.242989317
11,0.161793232
11,0.174268007
11,0.501859188
11,0.145482838
11,0.22373116
11,0.118600003
11,0.114573091
11,0.100413196
11,0.135456339
11,0.143554226
11,0.119722478
11,0.567881525
11,0.169964775
11,0.191802099
11,0.532556593
11,0.331200838
11,0.106443308
11,0.413111985
11,0.320632637
11,0.146803513
11,0.287270188
11,0.135515377
11,0.198702767
11,0.2039015
11,0.107671738
11,0.197615638
11,0.215148985
12,0.208058387
12,0.549934864
12,0.234548986
12,0.204941049
12,0.572167635
12,0.276594162
12,0.148371816
12,0.526843429
12,0.213865593
12,0.324219376
12,0.11827904
12,0.250014603
12,0.372991025
12,0.237506926
12,0.146444097
12,0.115348987
12,0.363306254
12,0.268927336
12,0.349750012
12,0.186186776
12,0.272546053
12,0.491267174
12,0.239775911
12,0.164046496
12,0.170015201
12,0.494009227
12,0.1486343
12,0.219574824
12,0.117963284
12,0.115815118
12,0.099803746
12,0.139427811
12,0.143371925
12,0.123688824
12,0.563435495
12,0.174091756
12,0.195744336
12,0.524173558
12,0.3363989
12,0.108848222
12,0.411290318
12,0.325346172
12,0.14742291
12,0.285468906
12,0.139941558
12,0.199740186
12,0.20296219
12,0.11028897
12,0.202537194
12,0.214900658
13,0.207918078
13,0.544595182
13,0.230989695
13,0.205615059
13,0.570289314
13,0.271877468
13,0.147274137
13,0.519879103
13,0.211821407
13,0.319889545
13,0.117518902
13,0.24916485
13,0.377682596
13,0.236889526
13,0.147995055
13,0.115249865
13,0.362365395
13,0.267754823
13,0.345508367
13,0.183477238
13,0.267338783
13,0.485634059
13,0.2364261
13,0.164610296
13,0.169920489
13,0.484411299
13,0.148600608
13,0.218776658
13,0.120325588
13,0.115130886
13,0.099446557
13,0.13861993
13,0.143862918
13,0.123131372
13,0.552125931
13,0.174514219
13,0.194436446
13,0.513987362
13,0.336445034
13,0.108525485
13,0.408333778
13,0.32329908
13,0.146709606
13,0.283954829
13,0.139271632
13,0.196701065
13,0.201421663
13,0.109294474
13,0.203571916
13,0.214306772
14,0.217507556
14,0.570632458
14,0.244404197
14,0.198038504
14,0.586970091
14,0.263778597
14,0.138040408
14,0.537192762
14,0.223024711
14,0.332387358
14,0.113372341
14,0.25091359
14,0.391637683
14,0.228247494
14,0.143706173
14,0.111761138
14,0.369880557
14,0.278288543
14,0.359911859
14,0.191239119
14,0.280020505
14,0.509705126
14,0.250975132
14,0.155944616
14,0.17689842
14,0.510578871
14,0.143528476
14,0.223567963
14,0.117252737
14,0.111637041
14,0.102473423
14,0.13376686
14,0.142902091
14,0.116941534
14,0.579205394
14,0.168768913
14,0.186917156
14,0.540504992
14,0.327643067
14,0.105286308
14,0.419633865
14,0.319933832
14,0.149343744
14,0.290731162
14,0.133168325
14,0.202811062
14,0.205227152
14,0.106402569
14,0.194462121
14,0.218233019
15,0.218113482
15,0.565236568
15,0.242462099
15,0.200748056
15,0.574618161
15,0.269668639
15,0.143289
15,0.533951581
15,0.221159935
15,0.329820961
15,0.115207799
15,0.249094769
15,0.380847782
15,0.23074694
15,0.145365596
15,0.113486208
15,0.362374157
15,0.274050236
15,0.355321705
15,0.185948968
15,0.278707683
15,0.501648426
15,0.240885183
15,0.159871042
15,0.172090471
15,0.506719768
15,0.144664526
15,0.218552813
15,0.117357627
15,0.113429517
15,0.100365378
15,0.13564235
15,0.144946516
15,0.119383134
15,0.572707057
15,0.17060639
15,0.190202102
15,0.533880413
15,0.333481371
15,0.105539203
15,0.418029219
15,0.321303755
15,0.149501592
15,0.283798873
15,0.135681733
15,0.206475854
15,0.20065558
15,0.106532149
15,0.197795674
15,0.216925189
16,0.213936627
16,0.560404658
16,0.240173444
16,0.202946603
16,0.570897877
16,0.268271625
16,0.139449656
16,0.535484374
16,0.219755456
16,0.331652164
16,0.114323191
16,0.253006399
16,0.381115645
16,0.229746953
16,0.146073714
16,0.113915309
16,0.364109159
16,0.274202406
16,0.354695797
16,0.18533954
16,0.278656274
16,0.498846978
16,0.241086423
16,0.159592122
16,0.173841611
16,0.495854378
16,0.145770028
16,0.220171899
16,0.117763482
16,0.113314927
16,0.100550205
16,0.133172274
16,0.141944453
16,0.119345322
16,0.570665836
16,0.170569688
16,0.187851757
16,0.532564521
16,0.328846842
16,0.105041996
16,0.41466248
16,0.320743024
16,0.148733914
16,0.28373152
16,0.134356648
16,0.205390066
16,0.20097129
16,0.107326731
16,0.195429146
16,0.218265295
17,0.211470529
17,0.549983561
17,0.237331957
17,0.205817908
17,0.549328446
17,0.274557531
17,0.146550313
17,0.518167019
17,0.210225224
17,0.322773159
17,0.116904393
17,0.248793066
17,0.368049473
17,0.236546963
17,0.147175044
17,0.116592191
17,0.360144526
17,0.26842913
17,0.347498149
17,0.181711704
17,0.272747159
17,0.488166422
17,0.235340834
17,0.163032681
17,0.168397039
17,0.490593523
17,0.14885731
17,0.212053016
17,0.118905753
17,0.115319774
17,0.099792413
17,0.138129056
17,0.144093946
17,0.122226775
17,0.552677214
17,0.177770615
17,0.191569597
17,0.519893944
17,0.338744789
17,0.106995277
17,0.406232238
17,0.322497278
17,0.148593441
17,0.278112054
17,0.139670938
17,0.199281186
17,0.199700207
17,0.109241471
17,0.202329978
17,0.215124935
18,0.221110731
18,0.571525753
18,0.245249808
18,0.201202154
18,0.569170356
18,0.266576797
18,0.139755055
18,0.53362155
18,0.220472574
18,0.336450279
18,0.113900736
18,0.251156837
18,0.384676605
18,0.228703454
18,0.144732416
18,0.111821696
18,0.366772324
18,0.27589184
18,0.358029723
18,0.187111452
18,0.283696294
18,0.509137273
18,0.243198082
18,0.157950789
18,0.175658897
18,0.508022666
18,0.144249499
18,0.218214676
18,0.116475478
18,0.113683604
18,0.101808503
18,0.134145647
18,0.143750951
18,0.118059255
18,0.57347697
18,0.174124867
18,0.184514984
18,0.53872782
18,0.330811113
18,0.104399815
18,0.422270417
18,0.321998209
18,0.151545018
18,0.282737613
18,0.133537337
18,0.208688796
18,0.201148659
18,0.10623166
18,0.191549838
18,0.222933725
19,0.213177174
19,0.549405515
19,0.235783085
19,0.206798062
19,0.540295422
19,0.274396747
19,0.146260858
19,0.512209713
19,0.211209908
19,0.321667761
19,0.116803877
19,0.246008113
19,0.367441416
19,0.237925127
19,0.145207688
19,0.11525546
19,0.355730385
19,0.265793532
19,0.344292432
19,0.179907739
19,0.273069203
19,0.487023413
19,0.23300761
19,0.163968474
19,0.167972088
19,0.485839307
19,0.147808582
19,0.210257426
19,0.120269671
19,0.114229739
19,0.099429563
19,0.138242289
19,0.143829286
19,0.12204659
19,0.549071193
19,0.177620336
19,0.190746188
19,0.516137064
19,0.338415354
19,0.107080832
19,0.409410596
19,0.323310077
19,0.148251027
19,0.274462193
19,0.139064133
19,0.202345878
19,0.197786197
19,0.10956271
19,0.200712353
19,0.213051781
20,0.214395687
20,0.553006947
20,0.239890888
20,0.208523139
20,0.552390635
20,0.270311415
20,0.143937305
20,0.517722189
20,0.211463973
20,0.325685292
20,0.116050601
20,0.24327895
20,0.379698992
20,0.233681351
20,0.14485988
20,0.113730021
20,0.359781474
20,0.269382
20,0.347438097
20,0.183663249
20,0.273486197
20,0.491386354
20,0.239334494
20,0.160268739
20,0.170749277
20,0.490178823
20,0.147874042
20,0.214818299
20,0.119766623
20,0.113702342
20,0.100572102
20,0.136251122
20,0.143563539
20,0.120815255
20,0.554842055
20,0.176514387
20,0.189280301
20,0.522699177
20,0.339317888
20,0.106625296
20,0.410734504
20,0.319999963
20,0.149480894
20,0.277424842
20,0.138138339
20,0.203092664
20,0.198592737
20,0.10814324
20,0.199142516
20,0.215134859
21,0.220014289
21,0.567464888
21,0.244332746
21,0.202548012
21,0.552977264
21,0.2655074
21,0.139778003
21,0.530869961
21,0.217497185
21,0.330653489
21,0.113794476
21,0.250941753
21,0.383131117
21,0.230173215
21,0.144142911
21,0.112774126
21,0.362269104
21,0.275191605
21,0.354344547
21,0.184977546
21,0.281494826
21,0.504536986
21,0.23810567
21,0.157161891
21,0.171843529
21,0.500573158
21,0.146737516
21,0.212109104
21,0.118953831
21,0.113321543
21,0.100595139
21,0.134263918
21,0.14314276
21,0.117821656
21,0.564222097
21,0.17348443
21,0.185914814
21,0.53190428
21,0.330318362
21,0.104370944
21,0.421842068
21,0.320596963
21,0.150234491
21,0.278436512
21,0.13468717
21,0.208280846
21,0.202591032
21,0.106015846
21,0.194265619
21,0.219427019
22,0.211416811
22,0.542083859
22,0.233008549
22,0.208400309
22,0.527153611
22,0.279064715
22,0.146065757
22,0.506109416
22,0.20306778
22,0.317878366
22,0.11889419
22,0.242280617
22,0.362625271
22,0.239816576
22,0.147442013
22,0.115003183
22,0.353951812
22,0.262839019
22,0.337063193
22,0.178137437
22,0.268329144
22,0.479976922
22,0.230236173
22,0.1638197
22,0.166874602
22,0.478358269
22,0.150579527
22,0.207816169
22,0.122396767
22,0.114833318
22,0.099808119
22,0.140100881
22,0.142908052
22,0.12454953
22,0.539725125
22,0.179069176
22,0.196377397
22,0.506513834
22,0.346244335
22,0.109174989
22,0.4055399
22,0.325440168
22,0.149487585
22,0.26865083
22,0.141625345
22,0.203643098
22,0.196047783
22,0.110883787
22,0.202719778
22,0.212353855
23,0.215507194
23,0.549284279
23,0.235733286
23,0.205668211
23,0.534208417
23,0.276104093
23,0.144682482
23,0.511086106
23,0.20855324
23,0.323220879
23,0.11729902
23,0.246866643
23,0.370231718
23,0.238743201
23,0.145832494
23,0.115590997
23,0.35543707
23,0.265512168
23,0.342616439
23,0.179327235
23,0.271683872
23,0.486802906
23,0.232302487
23,0.164109543
23,0.168563843
23,0.481611788
23,0.14848046
23,0.210685506
23,0.1216814
23,0.114620969
23,0.100043736
23,0.13911283
23,0.143646017
23,0.12205714
23,0.544817448
23,0.179896101
23,0.191980824
23,0.514307022
23,0.340938717
23,0.107551351
23,0.408769101
23,0.322875261
23,0.148723692
23,0.270816922
23,0.139363915
23,0.203227207
23,0.197317913
23,0.10931623
23,0.200835109
23,0.212929159
24,0.201990604
24,0.519772053
24,0.222224012
24,0.214262724
24,0.510155559
24,0.290196776
24,0.151161894
24,0.480591118
24,0.198611259
24,0.307510406
24,0.122319892
24,0.239629269
24,0.354200751
24,0.247416183
24,0.148395449
24,0.118672028
24,0.340917587
24,0.252926141
24,0.324022621
24,0.172302708
24,0.259033799
24,0.458557218
24,0.218280166
24,0.172495991
24,0.159096122
24,0.451617777
24,0.152979091
24,0.205690622
24,0.122900203
24,0.116767757
24,0.099379756
24,0.144473642
24,0.145373836
24,0.128444403
24,0.517877519
24,0.185037419
24,0.200901553
24,0.486850977
24,0.349625468
24,0.112605348
24,0.394521803
24,0.324513555
24,0.147199452
24,0.257297724
24,0.147204444
24,0.191888526
24,0.193976015
24,0.111225002
24,0.210912704
24,0.208450437
25,0.213919833
25,0.546630323
25,0.240205631
25,0.207254052
25,0.536032259
25,0.284849644
25,0.14634718
25,0.50931263
25,0.211578116
25,0.322385073
25,0.118659198
25,0.244425744
25,0.365717828
25,0.23847422
25,0.145580873
25,0.115714841
25,0.355747312
25,0.265467167
25,0.341743171
25,0.179264814
25,0.273453951
25,0.483730227
25,0.23328051
25,0.165399149
25,0.169390276
25,0.480317891
25,0.149720818
25,0.20884496
25,0.120357856
25,0.114450678
25,0.099946566
25,0.139731497
25,0.144028306
25,0.12434344
25,0.549952149
25,0.180663839
25,0.194756299
25,0.511192441
25,0.338947356
25,0.108520426
25,0.411050081
25,0.322725266
25,0.151946083
25,0.267810106
25,0.141864568
25,0.206534997
25,0.198944852
25,0.110747486
25,0.200973883
25,0.212909862
26,0.215527564
26,0.548909366
26,0.237997711
26,0.207334414
26,0.521131516
26,0.269113988
26,0.143281296
26,0.51121968
26,0.205907434
26,0.321707547
26,0.116278708
26,0.246087953
26,0.367718339
26,0.234498769
26,0.145479128
26,0.117038168
26,0.350608766
26,0.269778341
26,0.34538573
26,0.17391476
26,0.272005796
26,0.484125435
26,0.228434265
26,0.162577987
26,0.168123633
26,0.48302719
26,0.147963732
26,0.205974817
26,0.120876931
26,0.114124969
26,0.099959217
26,0.136950672
26,0.143070489
26,0.120871074
26,0.544615865
26,0.179878712
26,0.18736501
26,0.514434278
26,0.340187341
26,0.106579229
26,0.410452455
26,0.322337747
26,0.150682911
26,0.267740846
26,0.138609424
26,0.203067824
26,0.19719705
26,0.108631492
26,0.202180758
26,0.213721901
27,0.216562614
27,0.550795794
27,0.238809168
27,0.203394771
27,0.539527237
27,0.272076905
27,0.139647529
27,0.514054239
27,0.213930115
27,0.326774657
27,0.11611867
27,0.244464874
27,0.3753483
27,0.232384369
27,0.145298541
27,0.114550821
27,0.358929962
27,0.268912613
27,0.34166944
27,0.182291701
27,0.276112795
27,0.489820302
27,0.235057056
27,0.159210473
27,0.16967161
27,0.485680938
27,0.146350577
27,0.213326424
27,0.119114712
27,0.113705009
27,0.100577869
27,0.136315644
27,0.143865988
27,0.120856591
27,0.552713752
27,0.176293284
27,0.189509511
27,0.515469074
27,0.332803994
27,0.10686513
27,0.414247811
27,0.320133448
27,0.14942494
27,0.269523054
27,0.13734749
27,0.204342306
27,0.19776091
27,0.10837131
27,0.198413908
27,0.213193491
28,0.216138184
28,0.554726064
28,0.239482284
28,0.204229832
28,0.527495444
28,0.272672653
28,0.140297413
28,0.515066326
28,0.210838065
28,0.325251818
28,0.115444079
28,0.246003479
28,0.373864681
28,0.234788626
28,0.144539595
28,0.114919491
28,0.351443887
28,0.269156426
28,0.346064419
28,0.178447649
28,0.278423846
28,0.48928833
28,0.23124148
28,0.161092699
28,0.165698364
28,0.483652323
28,0.147119641
28,0.210323572
28,0.119480923
28,0.114063248
28,0.101002105
28,0.135829687
28,0.144151151
28,0.119843043
28,0.552477896
28,0.177954063
28,0.188655883
28,0.520185113
28,0.336064637
28,0.106147721
28,0.411797404
28,0.321668595
28,0.148366615
28,0.269562036
28,0.137135997
28,0.204215735
28,0.196612433
28,0.108589798
28,0.20061855
28,0.216379523
29,0.208999947
29,0.533018112
29,0.234304711
29,0.213095918
29,0.520803809
29,0.283291131
29,0.148621082
29,0.491723955
29,0.200057894
29,0.31537804
29,0.119884215
29,0.242683351
29,0.360983014
29,0.242236361
29,0.148333952
29,0.117899418
29,0.352390766
29,0.259769052
29,0.326986939
29,0.176701605
29,0.267955869
29,0.470325589
29,0.231061891
29,0.165495753
29,0.164445207
29,0.468875259
29,0.151377857
29,0.206064761
29,0.122677825
29,0.116266333
29,0.099372618
29,0.142216235
29,0.144523114
29,0.124949373
29,0.52832675
29,0.181236416
29,0.196599051
29,0.495227367
29,0.344872773
29,0.109701782
29,0.400147766
29,0.324788183
29,0.148954615
29,0.262786716
29,0.143419787
29,0.200909927
29,0.19558315
29,0.110489085
29,0.205663785
29,0.209261268
30,0.229819432
30,0.567383826
30,0.251190871
30,0.20226562
30,0.530334711
30,0.267632216
30,0.137747005
30,0.525352538
30,0.218182012
30,0.335874707
30,0.113597661
30,0.248309344
30,0.371985972
30,0.228506029
30,0.145460799
30,0.115009516
30,0.361398339
30,0.276024222
30,0.354340166
30,0.183321968
30,0.287083268
30,0.506685495
30,0.239714429
30,0.156595737
30,0.174459964
30,0.502502441
30,0.146899462
30,0.207768038
30,0.11814525
30,0.112552464
30,0.100394972
30,0.134916246
30,0.145084873
30,0.118391208
30,0.562759161
30,0.17746073
30,0.182293445
30,0.5319677
30,0.33330223
30,0.10411296
30,0.425460875
30,0.321312815
30,0.154862568
30,0.272948742
30,0.134650335
30,0.215389326
30,0.200181141
30,0.106907949
30,0.193932846
30,0.217435569
31,0.214773893
31,0.542908251
31,0.231200576
31,0.206484348
31,0.51284647
31,0.28105709
31,0.14493385
31,0.499420106
31,0.205008104
31,0.316176444
31,0.118033715
31,0.244164228
31,0.360792994
31,0.2396864
31,0.145827085
31,0.117795907
31,0.350493222
31,0.264904261
31,0.335973352
31,0.175895557
31,0.270912796
31,0.477362156
31,0.225886703
31,0.163667455
31,0.164600194
31,0.473777771
31,0.150260866
31,0.204723403
31,0.12154457
31,0.1134758
31,0.099009193
31,0.138385132
31,0.144288898
31,0.122558318
31,0.535838068
31,0.185312048
31,0.192640454
31,0.508396983
31,0.342535228
31,0.108354248
31,0.405873239
31,0.322616458
31,0.150001183
31,0.261704713
31,0.14198485
31,0.203641042
31,0.194592804
31,0.109912105
31,0.202217177
31,0.211558968
32,0.21461086
32,0.538180828
32,0.23524639
32,0.209175467
32,0.517748058
32,0.278265625
32,0.142480761
32,0.498292506
32,0.207994223
32,0.319714069
32,0.118021436
32,0.242946789
32,0.362530917
32,0.241647154
32,0.146476045
32,0.117225185
32,0.349850029
32,0.262254089
32,0.334014148
32,0.178198129
32,0.268787652
32,0.47502014
32,0.225647345
32,0.165177494
32,0.16755873
32,0.469435096
32,0.150075078
32,0.208411619
32,0.122752905
32,0.114116192
32,0.099892884
32,0.139835924
32,0.143287435
32,0.123407826
32,0.530768156
32,0.185825765
32,0.194169372
32,0.500089109
32,0.343838215
32,0.108977124
32,0.407275289
32,0.322199166
32,0.14772293
32,0.260749042
32,0.141939238
32,0.203559205
32,0.198171586
32,0.111019544
32,0.202057943
32,0.214024901
33,0.206225857
33,0.532123148
33,0.227966204
33,0.211859882
33,0.501039863
33,0.283089489
33,0.147961855
33,0.489470184
33,0.196561471
33,0.312837124
33,0.119457379
33,0.240710467
33,0.351746708
33,0.244905844
33,0.14589408
33,0.118238442
33,0.34729749
33,0.25936991
33,0.328180224
33,0.173243269
33,0.264300793
33,0.46750325
33,0.22539717
33,0.168081015
33,0.160749942
33,0.457999706
33,0.154283598
33,0.203475907
33,0.12480925
33,0.11462006
33,0.099115513
33,0.142839059
33,0.144103855
33,0.125116855
33,0.524778426
33,0.188548788
33,0.195583329
33,0.493464202
33,0.345490187
33,0.110380024
33,0.398918837
33,0.324737102
33,0.148985237
33,0.259815454
33,0.14454101
33,0.198781684
33,0.191837206
33,0.111622766
33,0.20821546
33,0.209760576
34,0.211510494
34,0.533262849
34,0.231564775
34,0.212930262
34,0.51174593
34,0.283304483
34,0.149211437
34,0.489165008
34,0.201736674
34,0.313955128
34,0.120034866
34,0.243542269
34,0.358532041
34,0.242939711
34,0.147276223
34,0.11819151
34,0.346734643
34,0.25886637
34,0.329809397
34,0.173268482
34,0.267792463
34,0.470290959
34,0.224341065
34,0.165950507
34,0.163035631
34,0.462419808
34,0.151785091
34,0.200668424
34,0.12333101
34,0.116260961
34,0.098814525
34,0.141942665
34,0.144790351
34,0.125645265
34,0.529273808
34,0.185514331
34,0.196817905
34,0.496857136
34,0.346370131
34,0.110128567
34,0.400821447
34,0.323010504
34,0.148866698
34,0.259395957
34,0.145106345
34,0.201754048
34,0.194349274
34,0.111250281
34,0.204135522
34,0.210391343
35,0.223331079
35,0.55240351
35,0.242912605
35,0.208421171
35,0.516227543
35,0.282026023
35,0.142535403
35,0.508590758
35,0.20859924
35,0.323048234
35,0.117347203
35,0.245600373
35,0.359154761
35,0.23684895
35,0.14676702
35,0.117014848
35,0.353039712
35,0.26726234
35,0.340945691
35,0.179883465
35,0.279142469
35,0.490429789
35,0.231035084
35,0.161883503
35,0.1701902
35,0.484174371
35,0.150271535
35,0.208568826
35,0.122170456
35,0.113677144
35,0.099240832
35,0.138388664
35,0.143738627
35,0.12252675
35,0.544405043
35,0.178998843
35,0.190105647
35,0.515935659
35,0.342483282
35,0.107839331
35,0.41576761
35,0.322852403
35,0.152663216
35,0.263498545
35,0.140932828
35,0.208832979
35,0.19740282
35,0.11000222
35,0.200287566
35,0.218631446
36,0.212068215
36,0.534813464
36,0.228375211
36,0.21189259
36,0.49717173
36,0.28193444
36,0.146606132
36,0.487031043
36,0.201579869
36,0.314098477
36,0.118508965
36,0.240567669
36,0.358592182
36,0.240804031
36,0.144409627
36,0.117435187
36,0.344777435
36,0.259328365
36,0.32970956
36,0.168981433
36,0.267272085
36,0.466365278
36,0.221268594
36,0.165372074
36,0.163202941
36,0.457559466
36,0.152002499
36,0.201576442
36,0.122277178
36,0.115470231
36,0.099688627
36,0.141910493
36,0.14166224
36,0.124254018
36,0.524796665
36,0.188674107
36,0.191713437
36,0.491872698
36,0.343565345
36,0.108631797
36,0.401762962
36,0.322630674
36,0.149791792
36,0.255209714
36,0.143012524
36,0.201849803
36,0.192629412
36,0.111317083
36,0.204087749
36,0.209540442
37,0.208086267
37,0.530697465
37,0.229841471
37,0.212677211
37,0.499648482
37,0.288752764
37,0.15043053
37,0.485444754
37,0.19754152
37,0.310970485
37,0.121400602
37,0.242512837
37,0.352647305
37,0.24721618
37,0.150408313
37,0.11902041
37,0.346613467
37,0.256212592
37,0.321752101
37,0.173580796
37,0.26443091
37,0.460414261
37,0.225068823
37,0.171477586
37,0.166027948
37,0.456382662
37,0.155051485
37,0.201863468
37,0.126139686
37,0.116845511
37,0.098655336
37,0.143518582
37,0.144846737
37,0.127646312
37,0.521396577
37,0.189532414
37,0.200276494
37,0.489422381
37,0.34937343
37,0.111527756
37,0.399786532
37,0.324686021
37,0.14654693
37,0.255753875
37,0.146833837
37,0.199415162
37,0.193343863
37,0.112812802
37,0.209233686
37,0.209430382
38,0.221548378
38,0.549250424
38,0.237212196
38,0.20969972
38,0.505249083
38,0.278057188
38,0.143667594
38,0.502929568
38,0.207244128
38,0.319562614
38,0.11675971
38,0.245018139
38,0.359892249
38,0.23693572
38,0.14378503
38,0.11772728
38,0.347026825
38,0.265821636
38,0.339719087
38,0.173532888
38,0.277615964
38,0.485036612
38,0.224804923
38,0.162263483
38,0.164819166
38,0.476786405
38,0.14995271
38,0.201169133
38,0.120865799
38,0.114633188
38,0.099871352
38,0.138247222
38,0.145368874
38,0.121877417
38,0.540160954
38,0.184785917
38,0.189366877
38,0.512483656
38,0.338879973
38,0.106837168
38,0.410359949
38,0.322460264
38,0.151866347
38,0.260582626
38,0.140547171
38,0.208284676
38,0.195156917
38,0.10907013
38,0.201931268
38,0.213501632
39,0.216455773
39,0.543369353
39,0.234296456
39,0.207227483
39,0.503475964
39,0.275962085
39,0.141179502
39,0.49278456
39,0.202020437
39,0.318195611
39,0.117654294
39,0.242792621
39,0.361761272
39,0.241146505
39,0.145323724
39,0.117307171
39,0.348591238
39,0.26375708
39,0.331875533
39,0.176748052
39,0.272930473
39,0.473316133
39,0.228236064
39,0.162592798
39,0.166628122
39,0.47086969
39,0.151428863
39,0.202107266
39,0.122147202
39,0.11451821
39,0.100429259
39,0.137727901
39,0.145385876
39,0.122208409
39,0.530511141
39,0.185262814
39,0.19061774
39,0.499457777
39,0.336489946
39,0.107632913
39,0.412834287
39,0.321905017
39,0.151534915
39,0.25388211
39,0.140362322
39,0.206653818
39,0.194716245
39,0.109843522
39,0.201592982
39,0.214253917
40,0.210963622
40,0.526637793
40,0.231223643
40,0.213911206
40,0.477154136
40,0.288095057
40,0.148244515
40,0.475661129
40,0.198745579
40,0.308503121
40,0.119740136
40,0.237499952
40,0.34911567
40,0.244371638
40,0.146579728
40,0.118022256
40,0.335250348
40,0.256716907
40,0.322820097
40,0.168589085
40,0.266288877
40,0.465248615
40,0.215127751
40,0.167783782
40,0.159373879
40,0.454201847
40,0.156433955
40,0.199984372
40,0.124618731
40,0.116160147
40,0.099206269
40,0.141962349
40,0.14384909
40,0.125787839
40,0.512167394
40,0.191868097
40,0.196684614
40,0.483894855
40,0.350308836
40,0.110204376
40,0.398641229
40,0.323837638
40,0.150681302
40,0.252455145
40,0.145704731
40,0.202126533
40,0.188702658
40,0.112527221
40,0.206173703
40,0.208466411
41,0.216018707
41,0.533853471
41,0.232713014
41,0.211649448
41,0.49117434
41,0.285355836
41,0.147603139
41,0.485769033
41,0.196984544
41,0.315851837
41,0.119275481
41,0.240801722
41,0.354705662
41,0.243582994
41,0.148292571
41,0.11708945
41,0.343626201
41,0.258446366
41,0.325980186
41,0.170623273
41,0.270396143
41,0.465797037
41,0.225021645
41,0.165506497
41,0.161517829
41,0.460103273
41,0.153915852
41,0.20036453
41,0.12525405
41,0.115163684
41,0.09944436
41,0.141466483
41,0.14336355
41,0.125494212
41,0.518960178
41,0.18763794
41,0.195607603
41,0.490784883
41,0.3501966
41,0.109867096
41,0.403033793
41,0.32454136
41,0.149762288
41,0.253799528
41,0.143927902
41,0.203851193
41,0.191111833
41,0.111233927
41,0.20639281
41,0.210331351
42,0.220693737
42,0.545869887
42,0.234566912
42,0.209650427
42,0.493239343
42,0.277412564
42,0.140794411
42,0.497301728
42,0.203708664
42,0.316679925
42,0.117124453
42,0.243069679
42,0.360485464
42,0.236755267
42,0.145410582
42,0.116687737
42,0.347039878
42,0.26600346
42,0.335107774
42,0.174481228
42,0.27549237
42,0.48310712
42,0.223530293
42,0.160750642
42,0.165881842
42,0.46696943
42,0.150364652
42,0.201196775
42,0.122839853
42,0.114004552
42,0.100288771
42,0.138883054
42,0.145036623
42,0.121771924
42,0.531049907
42,0.186184496
42,0.19016251
42,0.508632302
42,0.336589783
42,0.1076888
42,0.416862845
42,0.321433574
42,0.152691573
42,0.254283041
42,0.140959501
42,0.208648384
42,0.193681091
42,0.110777736
42,0.201264694
42,0.214347497
43,0.211430132
43,0.521951914
43,0.230408713
43,0.213986084
43,0.494488388
43,0.289111108
43,0.15170303
43,0.480271548
43,0.197273791
43,0.309638292
43,0.121475585
43,0.24391593
43,0.349309862
43,0.246924579
43,0.148926497
43,0.1204952
43,0.341248542
43,0.255756944
43,0.320791066
43,0.172502995
43,0.266234934
43,0.462473154
43,0.220548615
43,0.169579864
43,0.163647905
43,0.45268628
43,0.15422222
43,0.201708004
43,0.125856861
43,0.116846412
43,0.099378332
43,0.144291356
43,0.14475593
43,0.128667384
43,0.517484426
43,0.188497588
43,0.201192185
43,0.485558003
43,0.350042731
43,0.111527704
43,0.400908142
43,0.326593429
43,0.149954319
43,0.257812142
43,0.148757607
43,0.199464947
43,0.194212809
43,0.111543708
43,0.210276246
43,0.210266948
44,0.216799513
44,0.536113083
44,0.231630772
44,0.210010603
44,0.492390811
44,0.288579762
44,0.146844819
44,0.489888012
44,0.19975844
44,0.312532514
44,0.120611534
44,0.24195534
44,0.350913435
44,0.241682172
44,0.147997618
44,0.11869356
44,0.348709881
44,0.258170336
44,0.326636046
44,0.172374442
44,0.2698026
44,0.469407439
44,0.224813208
44,0.165358201
44,0.161362037
44,0.463478565
44,0.154111713
44,0.202447265
44,0.125492483
44,0.114802979
44,0.099226929
44,0.142713189
44,0.145854026
44,0.126424015
44,0.51895982
44,0.18895939
44,0.197775796
44,0.491978526
44,0.347184777
44,0.109901033
44,0.405082434
44,0.321869552
44,0.151994094
44,0.25615871
44,0.145485565
44,0.20627892
44,0.191944078
44,0.111921258
44,0.205382183
44,0.212956354
45,0.218043581
45,0.542480052
45,0.232774034
45,0.208782256
45,0.492354572
45,0.277877986
45,0.14252007
45,0.495101511
45,0.198124304
45,0.315437585
45,0.117743
45,0.243250623
45,0.354400367
45,0.237230077
45,0.146013469
45,0.116610862
45,0.341098517
45,0.263901353
45,0.334912539
45,0.170725852
45,0.272732437
45,0.475981385
45,0.222587004
45,0.162215307
45,0.16220504
45,0.468220115
45,0.151763961
45,0.198833361
45,0.122875214
45,0.114533961
45,0.099782355
45,0.138719127
45,0.144022465
45,0.123184681
45,0.529103279
45,0.186514467
45,0.193490237
45,0.502427399
45,0.341835737
45,0.107896805
45,0.407597005
45,0.321298808
45,0.152251497
45,0.253539205
45,0.142313793
45,0.205817133
45,0.190950304
45,0.110070758
45,0.20241712
45,0.213991225
46,0.215800151
46,0.525084317
46,0.22981745
46,0.211545169
46,0.479154497
46,0.288075835
46,0.146435603
46,0.476529688
46,0.194394603
46,0.306692153
46,0.12037801
46,0.243978411
46,0.351284087
46,0.245769873
46,0.147760019
46,0.118586272
46,0.339314312
46,0.25655055
46,0.32202068
46,0.170006573
46,0.266649067
46,0.462041169
46,0.218830049
46,0.168009654
46,0.162714988
46,0.456039399
46,0.154550746
46,0.198479891
46,0.123969004
46,0.117443323
46,0.09989462
46,0.144101545
46,0.144581839
46,0.126763791
46,0.512383938
46,0.190103725
46,0.197378621
46,0.489134282
46,0.344889909
46,0.111236162
46,0.401513636
46,0.324504822
46,0.150180534
46,0.252593964
46,0.146236748
46,0.2039406
46,0.191379458
46,0.111383528
46,0.210706487
46,0.21165207
47,0.217720196
47,0.542707264
47,0.232689112
47,0.208780304
47,0.492779523
47,0.27953136
47,0.143027902
47,0.491604716
47,0.202074364
47,0.314404309
47,0.118326999
47,0.241624147
47,0.353006095
47,0.239965156
47,0.148445398
47,0.118770219
47,0.343463838
47,0.26288721
47,0.332074195
47,0.17135486
47,0.273139656
47,0.475177199
47,0.225476429
47,0.164432704
47,0.164219826
47,0.466100663
47,0.152760401
47,0.20173274
47,0.123573229
47,0.116833121
47,0.098768093
47,0.139833435
47,0.146028861
47,0.124042295
47,0.52846235
47,0.183373198
47,0.19034569
47,0.498649597
47,0.343677104
47,0.108463623
47,0.40787068
47,0.324643999
47,0.153646231
47,0.253672034
47,0.143182069
47,0.206653923
47,0.193175256
47,0.111589782
47,0.205004334
47,0.212912664
48,0.207880259
48,0.505671322
48,0.222349241
48,0.221417338
48,0.461572796
48,0.298996091
48,0.154369131
48,0.458442688
48,0.186562732
48,0.29744646
48,0.125239059
48,0.236363232
48,0.338577718
48,0.255907267
48,0.150442034
48,0.121989422
48,0.33756265
48,0.245982975
48,0.308433115
48,0.166324541
48,0.258379936
48,0.444613934
48,0.213808402
48,0.173803985
48,0.157470554
48,0.43532449
48,0.160640463
48,0.196242422
48,0.129095733
48,0.118167602
48,0.099182621
48,0.149796501
48,0.144870296
48,0.132249177
48,0.49282077
48,0.197046861
48,0.207830101
48,0.464233845
48,0.356372774
48,0.114600696
48,0.390213728
48,0.32736221
48,0.148186475
48,0.244503781
48,0.15314059
48,0.201137334
48,0.18959105
48,0.115062729
48,0.216114521
48,0.206316397
49,0.216416553
49,0.52984792
49,0.232752413
49,0.214676082
49,0.488437504
49,0.290340692
49,0.146944359
49,0.481691122
49,0.199110106
49,0.308890373
49,0.120273888
49,0.242908552
49,0.350861728
49,0.244412005
49,0.148579091
49,0.119620025
49,0.344017327
49,0.257305861
49,0.323474914
49,0.173307598
49,0.269802809
49,0.466614634
49,0.222651079
49,0.167423591
49,0.163006961
49,0.453040004
49,0.154593825
49,0.201655641
49,0.124370828
49,0.115232527
49,0.09939725
49,0.143312991
49,0.145669729
49,0.127131402
49,0.516766787
49,0.189648658
49,0.196287334
49,0.491654664
49,0.343207419
49,0.110494994
49,0.40563044
49,0.324757487
49,0.150206432
49,0.250388354
49,0.145895556
49,0.205731377
49,0.1928664
49,0.111920126
49,0.207981318
49,0.211358592
50,0.214083403
50,0.533110499
50,0.232861981
50,0.210762948
50,0.48518309
50,0.283967197
50,0.145098299
50,0.477514118
50,0.197371513
50,0.309520215
50,0.118577719
50,0.242852107
50,0.349499553
50,0.244597748
50,0.147209242
50,0.117616311
50,0.339909673
50,0.261097252
50,0.321671158
50,0.168515339
50,0.268961459
50,0.466367453
50,0.220691413
50,0.166034535
50,0.161803007
50,0.454161733
50,0.154751152
50,0.19783245
50,0.122772165
50,0.115769744
50,0.098873183
50,0.141427934
50,0.145423859
50,0.124386206
50,0.5124771
50,0.187796786
50,0.192340016
50,0.491596848
50,0.342369229
50,0.10898371
50,0.406151801
50,0.323329896
50,0.150489405
50,0.251364768
50,0.144175053
50,0.203761026
50,0.190345094
50,0.112286083
50,0.205411896
50,0.2121775
51,0.218617275
51,0.53413111
51,0.23071976
51,0.208913103
51,0.480158657
51,0.283803612
51,0.147110254
51,0.482248694
51,0.195715711
51,0.313669384
51,0.119285733
51,0.243412286
51,0.352987766
51,0.245185941
51,0.146955371
51,0.119167246
51,0.342739254
51,0.258830041
51,0.322626829
51,0.171447515
51,0.269881785
51,0.46987313
51,0.221358314
51,0.166165531
51,0.160600588
51,0.456574261
51,0.153678298
51,0.198801234
51,0.124561846
51,0.118526399
51,0.099421874
51,0.141626924
51,0.146238342
51,0.12486656
51,0.515724301
51,0.191261902
51,0.193392023
51,0.489876986
51,0.342767805
51,0.11032784
51,0.405196488
51,0.324186951
51,0.151876315
51,0.249047697
51,0.144469067
51,0.20659408
51,0.191347063
51,0.110907957
51,0.206729919
51,0.21211867
52,0.204404429
52,0.503247201
52,0.220499068
52,0.219126835
52,0.460972697
52,0.298114479
52,0.156717196
52,0.456770808
52,0.182149425
52,0.295401812
52,0.1251003
52,0.238914728
52,0.337600231
52,0.255435973
52,0.151153728
52,0.125554055
52,0.331185043
52,0.243194744
52,0.306889832
52,0.163778678
52,0.256669611
52,0.441290975
52,0.210183993
52,0.176625237
52,0.155365124
52,0.428980231
52,0.16134344
52,0.19339928
52,0.130038694
52,0.119553864
52,0.098922357
52,0.148766011
52,0.145880535
52,0.132118151
52,0.483941615
52,0.199769065
52,0.205163196
52,0.462953001
52,0.360110164
52,0.115217239
52,0.386615425
52,0.327979058
52,0.14998284
52,0.242468566
52,0.153622299
52,0.19711414
52,0.187248871
52,0.116333008
52,0.216180682
52,0.203275219
53,0.21604766
53,0.530389667
53,0.231201902
53,0.21139656
53,0.483505636
53,0.286743402
53,0.147739232
53,0.4814502
53,0.198426589
53,0.311326802
53,0.119658828
53,0.240672871
53,0.348710299
53,0.245145977
53,0.147534952
53,0.119314693
53,0.343346953
53,0.259214669
53,0.326388896
53,0.173442006
53,0.269150168
53,0.469674081
53,0.22505182
53,0.165727586
53,0.163775936
53,0.458589613
53,0.154204354
53,0.200139999
53,0.123477645
53,0.116413556
53,0.099372283
53,0.142524526
53,0.145226568
53,0.125695229
53,0.514022887
53,0.191845402
53,0.198502943
53,0.488404334
53,0.346863955
53,0.109439589
53,0.407569915
53,0.323435664
53,0.150497377
53,0.250245184
53,0.145377487
53,0.205943704
53,0.191722393
53,0.112253152
53,0.208362386
53,0.207363456
54,0.211455747
54,0.526329935
54,0.22971566
54,0.213024944
54,0.478414148
54,0.283324271
54,0.148983166
54,0.478359193
54,0.194809347
54,0.310222715
54,0.120247625
54,0.240645126
54,0.347925663
54,0.244856283
54,0.148251817
54,0.120133422
54,0.339477301
54,0.255088896
54,0.323517591
54,0.167239606
54,0.266513348
54,0.4617697
54,0.215394601
54,0.168418944
54,0.160587013
54,0.452374458
54,0.154130504
54,0.198107585
54,0.125183091
54,0.116979942
54,0.099583723
54,0.142913938
54,0.143189341
54,0.126282901
54,0.51120919
54,0.190539867
54,0.195051059
54,0.489588886
54,0.349015385
54,0.110270202
54,0.396793157
54,0.326244384
54,0.147484913
54,0.250204206
54,0.145996988
54,0.201989353
54,0.189684182
54,0.113237731
54,0.207267091
54,0.20925419
55,0.214227021
55,0.520125985
55,0.22745958
55,0.215198621
55,0.463625759
55,0.294703722
55,0.149180084
55,0.468087554
55,0.19202204
55,0.301777601
55,0.121856339
55,0.24067986
55,0.33947739
55,0.250210702
55,0.149013236
55,0.120587766
55,0.332705528
55,0.252835214
55,0.315462559
55,0.165620461
55,0.266400635
55,0.454381198
55,0.212505773
55,0.170039862
55,0.160828054
55,0.444153577
55,0.157602623
55,0.195528388
55,0.12571992
55,0.11629694
55,0.099261887
55,0.1462951
55,0.147220269
55,0.128675357
55,0.502409995
55,0.195616484
55,0.199524522
55,0.477088153
55,0.350675523
55,0.11139559
55,0.396663994
55,0.32523486
55,0.151095331
55,0.243978173
55,0.148965999
55,0.202854261
55,0.189009935
55,0.113812461
55,0.211557865
55,0.207623139
56,0.210139334
56,0.511123478
56,0.221287236
56,0.218626887
56,0.460006535
56,0.295452327
56,0.154462636
56,0.458578169
56,0.18845953
56,0.295923859
56,0.123190992
56,0.235787928
56,0.336618185
56,0.255321234
56,0.151399106
56,0.121599659
56,0.330059975
56,0.24823761
56,0.311786622
56,0.164305344
56,0.259391665
56,0.447302699
56,0.209737077
56,0.172819689
56,0.154503345
56,0.4338018
56,0.159330964
56,0.195180058
56,0.128278539
56,0.119984701
56,0.099835075
56,0.149123937
56,0.147581875
56,0.130280763
56,0.492556125
56,0.199884892
56,0.204022512
56,0.466396242
56,0.35421887
56,0.113812894
56,0.389484882
56,0.327170044
56,0.150543466
56,0.244208142
56,0.152196676
56,0.197916299
56,0.187980309
56,0.115128584
56,0.214440286
56,0.206273884
57,0.22405386
57,0.541484058
57,0.23610878
57,0.208599046
57,0.48448047
57,0.278818697
57,0.141446784
57,0.490956664
57,0.202177927
57,0.31455034
57,0.117397577
57,0.244367152
57,0.354720443
57,0.238482714
57,0.147481889
57,0.117645822
57,0.349027336
57,0.264662176
57,0.329771191
57,0.175162196
57,0.276680499
57,0.481561035
57,0.224640965
57,0.163996622
57,0.166388854
57,0.468972921
57,0.153230965
57,0.196734682
57,0.123062685
57,0.115052126
57,0.100269273
57,0.139704496
57,0.146396831
57,0.122203141
57,0.523710907
57,0.18670623
57,0.191965088
57,0.499754608
57,0.340151191
57,0.107616387
57,0.414381623
57,0.321591526
57,0.153608486
57,0.253409892
57,0.142242625
57,0.21219264
57,0.191147387
57,0.110615484
57,0.201833382
57,0.215480909
58,0.214944705
58,0.525320292
58,0.230366796
58,0.21330978
58,0.469040573
58,0.289660543
58,0.147552893
58,0.472112358
58,0.194666073
58,0.306745231
58,0.121070951
58,0.244417608
58,0.34184587
58,0.249551177
58,0.14829731
58,0.121186495
58,0.342569858
58,0.253159702
58,0.319663465
58,0.170636922
58,0.270093083
58,0.460651606
58,0.216935799
58,0.16727227
58,0.162469298
58,0.448586017
58,0.154976174
58,0.19537431
58,0.126703948
58,0.116417408
58,0.099599898
58,0.144965172
58,0.144353062
58,0.127313092
58,0.504542768
58,0.193419635
58,0.196656018
58,0.482326478
58,0.348200321
58,0.110223733
58,0.403181583
58,0.324780911
58,0.15279144
58,0.246822625
58,0.148174405
58,0.203590631
58,0.189762637
58,0.112660483
58,0.210912287
58,0.207793951
59,0.219081342
59,0.537516117
59,0.232967213
59,0.210007429
59,0.48071143
59,0.276743472
59,0.14122887
59,0.482658178
59,0.199018314
59,0.312877625
59,0.116786793
59,0.242775649
59,0.359116763
59,0.24037905
59,0.145822659
59,0.1166398
59,0.345870733
59,0.261575431
59,0.327750742
59,0.171732754
59,0.271154106
59,0.4766846
59,0.218744844
59,0.16415
59,0.164522693
59,0.457325757
59,0.152426153
59,0.197048798
59,0.122315906
59,0.114769742
59,0.09979894
59,0.139053449
59,0.144377828
59,0.121590853
59,0.514483988
59,0.189706773
59,0.189266369
59,0.491088539
59,0.33906123
59,0.107799649
59,0.410889149
59,0.321708173
59,0.150618717
59,0.248614669
59,0.141111583
59,0.20573011
59,0.188849777
59,0.111940555
59,0.201020047
59,0.214417681
60,0.207457036
60,0.50777781
60,0.219990671
60,0.220334679
60,0.459497958
60,0.29886964
60,0.157218084
60,0.455552608
60,0.184859633
60,0.298477352
60,0.125378251
60,0.241156891
60,0.330930382
60,0.257004291
60,0.15043357
60,0.1262182
60,0.333516806
60,0.247639149
60,0.311453819
60,0.163702607
60,0.256916583
60,0.442765266
60,0.210600033
60,0.177158579
60,0.153709799
60,0.433011085
60,0.161705971
60,0.196766242
60,0.129997507
60,0.119614184
60,0.098667622
60,0.149757773
60,0.144331604
60,0.133453086
60,0.490618229
60,0.20115599
60,0.206054151
60,0.469512314
60,0.358079493
60,0.115072466
60,0.387429953
60,0.329463631
60,0.149438471
60,0.245131031
60,0.154720828
60,0.198048368
60,0.188368455
60,0.116639271
60,0.217136338
60,0.206603289
61,0.209805563
61,0.527443528
61,0.22652109
61,0.216688991
61,0.476391315
61,0.287737519
61,0.14979136
61,0.477331281
61,0.192766994
61,0.305422783
61,0.12094713
61,0.240425691
61,0.345372915
61,0.248687878
61,0.147078305
61,0.121317916
61,0.340152681
61,0.255720258
61,0.319732457
61,0.170258239
61,0.26447466
61,0.46014002
61,0.218153879
61,0.167436942
61,0.160871312
61,0.451233745
61,0.155154794
61,0.196061596
61,0.123192281
61,0.118480653
61,0.099647261
61,0.144826084
61,0.144496813
61,0.126123756
61,0.509776652
61,0.192210302
61,0.197858125
61,0.487085611
61,0.348761261
61,0.111750543
61,0.400498778
61,0.325483352
61,0.149177119
61,0.251034051
61,0.147152722
61,0.203391552
61,0.190656528
61,0.112506464
61,0.209893778
61,0.20961073
62,0.2148882
62,0.525842786
62,0.229703456
62,0.213531777
62,0.474262983
62,0.285637289
62,0.150950253
62,0.476201713
62,0.19495897
62,0.305837125
62,0.120214894
62,0.242401123
62,0.350089431
62,0.245646641
62,0.148712501
62,0.120748304
62,0.3416318
62,0.257770061
62,0.323877186
62,0.168217152
62,0.266943157
62,0.465409189
62,0.21754843
62,0.170078754
62,0.159666985
62,0.453665107
62,0.154407248
62,0.198950261
62,0.126359865
62,0.114930198
62,0.099520795
62,0.144188285
62,0.146355301
62,0.126260921
62,0.511026978
62,0.193930537
62,0.196589634
62,0.484674662
62,0.347462237
62,0.110103853
62,0.403218567
62,0.323993683
62,0.149271041
62,0.25094232
62,0.146577314
62,0.204587266
62,0.191496059
62,0.11297594
62,0.209067732
62,0.210189119
63,0.20598045
63,0.516438186
63,0.22354497
63,0.215740785
63,0.458542347
63,0.288005203
63,0.151616305
63,0.46409601
63,0.184006169
63,0.297047496
63,0.121438406
63,0.240464315
63,0.340572387
63,0.250438601
63,0.14964141
63,0.120025098
63,0.335371405
63,0.254501283
63,0.314448029
63,0.165276036
63,0.257804483
63,0.451146066
63,0.210505813
63,0.173536032
63,0.156861007
63,0.436084032
63,0.15599443
63,0.197958082
63,0.127957717
63,0.119356178
63,0.099081203
63,0.146947816
63,0.14365308
63,0.127978832
63,0.497636735
63,0.197542503
63,0.199239403
63,0.471506119
63,0.349956065
63,0.11246442
63,0.395160228
63,0.32744661
63,0.147773772
63,0.246094182
63,0.149039462
63,0.19590579
63,0.186875984
63,0.113603264
63,0.214040697
63,0.205369487
64,0.211941093
64,0.519760489
64,0.224442124
64,0.215468153
64,0.460612386
64,0.296741575
64,0.149731219
64,0.461074531
64,0.188326791
64,0.298699319
64,0.121412158
64,0.239353359
64,0.341177881
64,0.251003534
64,0.149806902
64,0.121182904
64,0.33377102
64,0.253888905
64,0.315075487
64,0.16548869
64,0.263108701
64,0.453465581
64,0.213718787
64,0.170248762
64,0.159295931
64,0.443967193
64,0.155293256
64,0.194311395
64,0.126681939
64,0.118166432
64,0.099471122
64,0.146177918
64,0.145083532
64,0.128933638
64,0.496696889
64,0.200270534
64,0.201356351
64,0.475406289
64,0.348586321
64,0.111567929
64,0.397450805
64,0.327631861
64,0.150415331
64,0.24420765
64,0.149055898
64,0.201220781
64,0.18768166
64,0.114228167
64,0.209213287
64,0.209883794
65,0.206355363
65,0.511292696
65,0.222380593
65,0.221924946
65,0.466813594
65,0.297772884
65,0.15380089
65,0.460017383
65,0.186422363
65,0.298494697
65,0.123707853
65,0.242686555
65,0.343697906
65,0.255280912
65,0.149489239
65,0.120634452
65,0.334913284
65,0.250195295
65,0.311467469
65,0.163970843
65,0.260441631
65,0.44902885
65,0.211216554
65,0.174892768
65,0.156282663
65,0.43803817
65,0.160424531
65,0.196403816
65,0.127878368
65,0.118240654
65,0.098959394
65,0.147648185
65,0.144693002
65,0.130414039
65,0.490435392
65,0.196799278
65,0.20317629
65,0.470861465
65,0.353045762
65,0.11380247
65,0.392657697
65,0.326421857
65,0.147317305
65,0.245397076
65,0.151665896
65,0.201900303
65,0.188578963
65,0.113911159
65,0.216041937
65,0.208881602
66,0.222048447
66,0.535229325
66,0.233539686
66,0.211289898
66,0.466486573
66,0.28398025
66,0.146911696
66,0.479396045
66,0.196189284
66,0.308284342
66,0.118149839
66,0.24445577
66,0.343293995
66,0.242276266
66,0.148046538
66,0.119898796
66,0.338396609
66,0.259262353
66,0.325120121
66,0.168311104
66,0.271079451
66,0.469529361
66,0.216079876
66,0.167383328
66,0.161833763
66,0.460446596
66,0.154168814
66,0.196244836
66,0.125297695
66,0.115763709
66,0.100492172
66,0.142689377
66,0.145482659
66,0.124312684
66,0.511153042
66,0.193710446
66,0.194742143
66,0.487295657
66,0.346313149
66,0.108664095
66,0.406927288
66,0.322978765
66,0.153200164
66,0.246994153
66,0.144522265
66,0.206371307
66,0.18740505
66,0.111792549
66,0.207497403
66,0.213267058
67,0.218537152
67,0.532741666
67,0.233563378
67,0.213124692
67,0.470989138
67,0.279849291
67,0.149345338
67,0.48279801
67,0.199185789
67,0.307772547
67,0.118368626
67,0.241864949
67,0.350074023
67,0.246713459
67,0.145882368
67,0.119403467
67,0.338347614
67,0.256889433
67,0.325104237
67,0.167442039
67,0.27016443
67,0.465980947
67,0.21782133
67,0.167300358
67,0.159171909
67,0.453264862
67,0.151860535
67,0.198440179
67,0.124699362
67,0.115229592
67,0.099608675
67,0.14084056
67,0.145668253
67,0.124558516
67,0.511491358
67,0.193730354
67,0.193993196
67,0.488920331
67,0.346186131
67,0.108657666
67,0.404132307
67,0.322806865
67,0.150520355
67,0.251369804
67,0.14466092
67,0.205198959
67,0.189687565
67,0.111486204
67,0.206344321
67,0.209630653
68,0.206702366
68,0.515853405
68,0.223001137
68,0.217383176
68,0.466900438
68,0.293980867
68,0.153259233
68,0.466389179
68,0.189419538
68,0.300949901
68,0.122407682
68,0.238257691
68,0.341215134
68,0.251573503
68,0.149728954
68,0.123034261
68,0.335699081
68,0.249688312
68,0.314333767
68,0.165217087
68,0.259676725
68,0.452120721
68,0.209247559
68,0.172027081
68,0.153748393
68,0.438561171
68,0.158699155
68,0.19634746
68,0.127059236
68,0.117274955
68,0.098478407
68,0.147226453
68,0.143656358
68,0.129138455
68,0.495747358
68,0.196792051
68,0.200391337
68,0.47060436
68,0.355382383
68,0.112236395
68,0.390430748
68,0.325473815
68,0.151727557
68,0.24671866
68,0.149711326
68,0.195288554
68,0.190095142
68,0.113886036
68,0.211415246
68,0.203329831
69,0.217844859
69,0.532415032
69,0.23333171
69,0.211955011
69,0.480653077
69,0.28624621
69,0.148193702
69,0.481905997
69,0.197083965
69,0.308198065
69,0.119805619
69,0.243383333
69,0.346234769
69,0.246279284
69,0.144849285
69,0.119558044
69,0.347057819
69,0.258422405
69,0.324172795
69,0.171949059
69,0.270904064
69,0.468612701
69,0.220650196
69,0.16476576
69,0.161039025
69,0.459921837
69,0.155626029
69,0.196432084
69,0.127827033
69,0.116801105
69,0.099061348
69,0.142512903
69,0.145829946
69,0.125844076
69,0.512410522
69,0.189281747
69,0.195880949
69,0.482369334
69,0.350322157
69,0.109969616
69,0.403665096
69,0.325461715
69,0.152054876
69,0.251635551
69,0.146006331
69,0.206492782
69,0.191217884
69,0.113557197
69,0.206718951
69,0.210769162
70,0.207077518
70,0.515512347
70,0.22672987
70,0.219674349
70,0.463846594
70,0.29392007
70,0.157760367
70,0.463681668
70,0.185425282
70,0.298854202
70,0.122839116
70,0.239552796
70,0.336553454
70,0.255251437
70,0.151078761
70,0.123979226
70,0.337299585
70,0.249306053
70,0.314081252
70,0.164759681
70,0.261015236
70,0.447718799
70,0.214447185
70,0.175269723
70,0.15511775
70,0.441943794
70,0.158936426
70,0.19402574
70,0.128673151
70,0.118510887
70,0.099877492
70,0.148771793
70,0.145291805
70,0.130500406
70,0.495278567
70,0.199807674
70,0.20278877
70,0.473512381
70,0.36067605
70,0.112702996
70,0.387428224
70,0.329259515
70,0.148881003
70,0.251005203
70,0.151038826
70,0.198188484
70,0.188943803
70,0.114974327
70,0.215956077
70,0.20711264
71,0.210182711
71,0.526016831
71,0.226459756
71,0.21393986
71,0.470182657
71,0.285145491
71,0.150263339
71,0.472093225
71,0.188063338
71,0.301177979
71,0.118906558
71,0.241800696
71,0.345530391
71,0.247547641
71,0.146627054
71,0.119602568
71,0.337068141
71,0.256100416
71,0.325627893
71,0.16531837
71,0.263301879
71,0.461360663
71,0.212774649
71,0.169657573
71,0.158929989
71,0.444622934
71,0.154115707
71,0.197658986
71,0.126558319
71,0.115614854
71,0.099281535
71,0.144057512
71,0.145815238
71,0.125176415
71,0.507751226
71,0.194416255
71,0.195402741
71,0.483894289
71,0.345772982
71,0.109834932
71,0.397141904
71,0.324868917
71,0.146014392
71,0.251188278
71,0.146389961
71,0.197092131
71,0.188983709
71,0.113583967
71,0.207764819
71,0.209447175
72,0.205101743
72,0.510475934
72,0.220575929
72,0.217609197
72,0.446077228
72,0.294075638
72,0.153014511
72,0.455296725
72,0.188550636
72,0.296772242
72,0.12310297
72,0.238611311
72,0.332597256
72,0.254024535
72,0.150000289
72,0.123899922
72,0.328982621
72,0.248469636
72,0.314571083
72,0.162699267
72,0.258716434
72,0.44807294
72,0.206267804
72,0.175425008
72,0.156068668
72,0.436457962
72,0.15965794
72,0.191381007
72,0.129164353
72,0.117907688
72,0.098562598
72,0.149459496
72,0.144721523
72,0.130944461
72,0.492329061
72,0.201745421
72,0.202286005
72,0.466374397
72,0.355811417
72,0.113025062
72,0.391050696
72,0.326751828
72,0.150720209
72,0.244287163
72,0.151815727
72,0.19837226
72,0.182477921
72,0.117048614
72,0.216289371
72,0.208625108
73,0.203313261
73,0.500536859
73,0.217531905
73,0.223735347
73,0.447112024
73,0.300506383
73,0.156400263
73,0.447443336
73,0.180607691
73,0.29130885
73,0.124700934
73,0.238619104
73,0.331328511
73,0.261183619
73,0.150688574
73,0.125050664
73,0.330477417
73,0.245911643
73,0.300975025
73,0.162530422
73,0.255099773
73,0.436493099
73,0.210205138
73,0.17483373
73,0.156539068
73,0.423484653
73,0.16152887
73,0.19306837
73,0.130317673
73,0.118523687
73,0.099092737
73,0.149126336
73,0.147015095
73,0.132120594
73,0.48147738
73,0.202692896
73,0.206311837
73,0.454547375
73,0.357255638
73,0.115892053
73,0.38798517
73,0.329507053
73,0.150301248
73,0.239998877
73,0.155417502
73,0.194969043
73,0.186772943
73,0.116924092
73,0.217678547
73,0.20250389
74,0.222904757
74,0.543720305
74,0.238237873
74,0.209884107
74,0.477059126
74,0.27480191
74,0.144670025
74,0.495520025
74,0.19592467
74,0.317009598
74,0.116906635
74,0.245696142
74,0.352410465
74,0.24106352
74,0.14423427
74,0.118510425
74,0.346330702
74,0.265373141
74,0.334252775
74,0.171189249
74,0.275381029
74,0.481185377
74,0.222879738
74,0.162739128
74,0.163799226
74,0.47355327
74,0.154483616
74,0.196735144
74,0.123308145
74,0.114605412
74,0.101042531
74,0.139031932
74,0.143731087
74,0.121447943
74,0.525898457
74,0.189518094
74,0.189327061
74,0.501350224
74,0.343212426
74,0.107482545
74,0.411511302
74,0.321748793
74,0.152686238
74,0.255996585
74,0.141945124
74,0.207148135
74,0.192041025
74,0.111257382
74,0.203622416
74,0.218445644
75,0.216447785
75,0.525243759
75,0.229188263
75,0.215621963
75,0.468613684
75,0.286351025
75,0.150320619
75,0.472345591
75,0.191129953
75,0.307534069
75,0.120363042
75,0.241791248
75,0.342466176
75,0.247288555
75,0.149348259
75,0.120682739
75,0.34148398
75,0.256495148
75,0.321691811
75,0.168277919
75,0.268609792
75,0.460723788
75,0.217695311
75,0.170491397
75,0.161065474
75,0.452240318
75,0.156464264
75,0.194857135
75,0.129073888
75,0.11670199
75,0.099414416
75,0.145186812
75,0.145591587
75,0.125791103
75,0.505321324
75,0.198346794
75,0.196000427
75,0.477778941
75,0.350372195
75,0.110083945
75,0.401087284
75,0.324973375
75,0.151474804
75,0.250827372
75,0.147328511
75,0.202997282
75,0.189737141
75,0.114050768
75,0.208998948
75,0.212211519
76,0.216987818
76,0.531482458
76,0.229469821
76,0.21348682
76,0.458199859
76,0.279469669
76,0.144678816
76,0.473773301
76,0.188972101
76,0.305689335
76,0.117326483
76,0.238455012
76,0.346672624
76,0.246595606
76,0.145427614
76,0.118797474
76,0.338076025
76,0.259188652
76,0.324344665
76,0.166345865
76,0.26685077
76,0.465750664
76,0.212541595
76,0.167047188
76,0.158828542
76,0.451554179
76,0.151561871
76,0.19436574
76,0.123760089
76,0.115606993
76,0.09933532
76,0.141239822
76,0.143296257
76,0.122677535
76,0.505145311
76,0.194287062
76,0.190309107
76,0.483465105
76,0.346927345
76,0.108793028
76,0.401862919
76,0.322479814
76,0.151252568
76,0.246735081
76,0.1434149
76,0.203901589
76,0.188847736
76,0.111257091
76,0.206987426
76,0.211481586
77,0.214582682
77,0.525358677
77,0.227174789
77,0.215937123
77,0.468507975
77,0.286514848
77,0.149938315
77,0.473590523
77,0.192477435
77,0.305920273
77,0.120217949
77,0.239434838
77,0.345437557
77,0.244871736
77,0.148122579
77,0.122158714
77,0.338421702
77,0.255962372
77,0.322306097
77,0.164798096
77,0.265781969
77,0.460185707
77,0.213527605
77,0.167189449
77,0.161164045
77,0.451275736
77,0.155473247
77,0.19445841
77,0.124050185
77,0.115456447
77,0.099140458
77,0.143498093
77,0.14523764
77,0.125630289
77,0.507413924
77,0.195330903
77,0.19445914
77,0.481878787
77,0.350883752
77,0.11020647
77,0.399547279
77,0.325482816
77,0.148167387
77,0.24459438
77,0.146746486
77,0.20529522
77,0.187077388
77,0.114215069
77,0.207724169
77,0.209344447
78,0.219768718
78,0.542450249
78,0.236545146
78,0.210687056
78,0.485707134
78,0.279684812
78,0.147970244
78,0.48962456
78,0.198027238
78,0.313270777
78,0.117064878
78,0.248763442
78,0.351260304
78,0.244775489
78,0.147136405
78,0.120098859
78,0.350351036
78,0.263267547
78,0.332164317
78,0.170437276
78,0.27542302
78,0.478677273
78,0.223523989
78,0.164159149
78,0.166549712
78,0.466279656
78,0.152430251
78,0.196905449
78,0.125814572
78,0.116664574
78,0.099715397
78,0.139258683
78,0.144284263
78,0.122734517
78,0.526331723
78,0.194286406
78,0.189836681
78,0.494338512
78,0.342986554
78,0.107346699
78,0.406140059
78,0.324150443
78,0.153109506
78,0.258081615
78,0.142653152
78,0.207609951
78,0.19073005
78,0.110736996
78,0.205348149
78,0.213510677
79,0.213488013
79,0.520167172
79,0.22554031
79,0.213322356
79,0.463787228
79,0.288529277
79,0.148996502
79,0.470837116
79,0.18722564
79,0.302714795
79,0.120844945
79,0.241564468
79,0.34526813
79,0.249037445
79,0.14662163
79,0.122421309
79,0.339791805
79,0.256151408
79,0.320035756
79,0.168345779
79,0.262418538
79,0.458962679
79,0.215932161
79,0.169332728
79,0.161368817
79,0.445197552
79,0.157284886
79,0.193609461
79,0.125592351
79,0.115577251
79,0.099180959
79,0.145069003
79,0.144737974
79,0.126666546
79,0.50154835
79,0.195175096
79,0.197850645
79,0.478194088
79,0.349099994
79,0.111459829
79,0.402209014
79,0.327697724
79,0.149418771
79,0.247031242
79,0.147672862
79,0.199498981
79,0.189963743
79,0.112337328
79,0.211236745
79,0.210758507
80,0.220300138
80,0.528189778
80,0.229949504
80,0.215110511
80,0.469540715
80,0.284966975
80,0.150559664
80,0.474984765
80,0.191355556
80,0.304894
80,0.120088607
80,0.243506789
80,0.347872466
80,0.247544497
80,0.147844464
80,0.122205332
80,0.334215492
80,0.258903295
80,0.326411217
80,0.168788046
80,0.268143445
80,0.461879104
80,0.217705026
80,0.166087374
80,0.161313266
80,0.454137951
80,0.155196548
80,0.19188568
80,0.123900369
80,0.115985215
80,0.100078814
80,0.143395469
80,0.144923687
80,0.125643432
80,0.503957868
80,0.19336997
80,0.196072921
80,0.480266124
80,0.346521914
80,0.109533392
80,0.405939758
80,0.323779434
80,0.149666354
80,0.24538444
80,0.146412864
80,0.201773956
80,0.190409929
80,0.112337381
80,0.208598152
80,0.208155394
81,0.209281951
81,0.514267683
81,0.224296749
81,0.219070464
81,0.446192741
81,0.299953431
81,0.156194195
81,0.463342786
81,0.186706066
81,0.298342884
81,0.122778304
81,0.237278432
81,0.332628727
81,0.252815127
81,0.149808779
81,0.124050796
81,0.330702335
81,0.252461225
81,0.313523024
81,0.162399083
81,0.261457264
81,0.448830992
81,0.211043447
81,0.173482627
81,0.155196577
81,0.435381353
81,0.161151841
81,0.193230271
81,0.129560426
81,0.117388271
81,0.098489232
81,0.147248954
81,0.143992499
81,0.131067738
81,0.486749083
81,0.203181744
81,0.205009073
81,0.472816616
81,0.35667482
81,0.113110729
81,0.392816454
81,0.329154521
81,0.150557071
81,0.243028313
81,0.152129918
81,0.201593608
81,0.186873779
81,0.116672248
81,0.215964705
81,0.205476135
82,0.209088609
82,0.513644695
82,0.221965194
82,0.216449052
82,0.459898025
82,0.291760683
82,0.155438676
82,0.468390793
82,0.181014642
82,0.296702236
82,0.122321725
82,0.240083113
82,0.335206181
82,0.254706234
82,0.14901796
82,0.122042462
82,0.336788088
82,0.253362805
82,0.319694757
82,0.162914366
82,0.261046141
82,0.450702935
82,0.212083444
82,0.172903493
82,0.157941103
82,0.441926003
82,0.158057466
82,0.192260131
82,0.128253698
82,0.118310839
82,0.099193893
82,0.150023893
82,0.146101683
82,0.129687935
82,0.495809257
82,0.201189011
82,0.201077774
82,0.473316252
82,0.354174227
82,0.1129511
82,0.394211739
82,0.329261988
82,0.149342149
82,0.246781901
82,0.151461795
82,0.197524428
82,0.190685466
82,0.114461735
82,0.214262828
82,0.204905197
83,0.217385247
83,0.534848154
83,0.233929887
83,0.212060317
83,0.464290529
83,0.27978
83,0.143703431
83,0.47665906
83,0.195223093
83,0.307867885
83,0.115732476
83,0.243156731
83,0.349928707
83,0.241801247
83,0.145761877
83,0.117470369
83,0.338991016
83,0.263849705
83,0.329531521
83,0.166889951
83,0.274985671
83,0.471823484
83,0.212700218
83,0.165997744
83,0.161161989
83,0.458920866
83,0.153107002
83,0.194178179
83,0.125024527
83,0.115927562
83,0.098969758
83,0.140949667
83,0.144640416
83,0.12141411
83,0.510657549
83,0.191932425
83,0.190238193
83,0.492498428
83,0.339460909
83,0.107671581
83,0.410951257
83,0.322360903
83,0.151514515
83,0.252738029
83,0.142060056
83,0.206833512
83,0.188995317
83,0.112412944
83,0.201716334
83,0.212339282
84,0.208347827
84,0.515669525
84,0.22489816
84,0.217476144
84,0.466565788
84,0.286641061
84,0.14969644
84,0.463174701
84,0.186565876
84,0.302972049
84,0.120607324
84,0.23968631
84,0.345820665
84,0.246213034
84,0.149040043
84,0.12183889
84,0.33829844
84,0.253138363
84,0.318315566
84,0.166794345
84,0.260338098
84,0.456630021
84,0.213163808
84,0.172640756
84,0.16002509
84,0.443803549
84,0.156625837
84,0.193874002
84,0.125978366
84,0.117830247
84,0.099933192
84,0.145057663
84,0.144724041
84,0.127549708
84,0.501202047
84,0.198967457
84,0.200765207
84,0.475739092
84,0.350667655
84,0.111381598
84,0.395605117
84,0.326363713
84,0.148670763
84,0.246923178
84,0.148367181
84,0.197799996
84,0.189203605
84,0.113501437
84,0.211736575
84,0.207734585
85,0.214324087
85,0.521925867
85,0.227062061
85,0.216844827
85,0.460452706
85,0.288728863
85,0.151420698
85,0.47098574
85,0.187659994
85,0.305639178
85,0.120317437
85,0.244929254
85,0.33421737
85,0.250254989
85,0.148612544
85,0.121369734
85,0.342333585
85,0.257875472
85,0.320387959
85,0.166499153
85,0.265600502
85,0.460624456
85,0.215165198
85,0.168402135
85,0.161843017
85,0.445891798
85,0.15636155
85,0.193135396
85,0.125063747
85,0.116320543
85,0.098577023
85,0.144948646
85,0.146295086
85,0.127628133
85,0.503242075
85,0.195389524
85,0.19806461
85,0.479637027
85,0.348874331
85,0.111185245
85,0.400955915
85,0.32659021
85,0.149422765
85,0.246820614
85,0.148430169
85,0.202046782
85,0.186821789
85,0.114390239
85,0.21207121
85,0.209646568
86,0.223038867
86,0.539699197
86,0.234891832
86,0.212924883
86,0.486207485
86,0.286014259
86,0.148402944
86,0.494253159
86,0.199714705
86,0.31080237
86,0.118883133
86,0.247791156
86,0.348177135
86,0.244416773
86,0.146919295
86,0.11839477
86,0.351493508
86,0.262264967
86,0.333800554
86,0.175242841
86,0.273194253
86,0.478560209
86,0.223705962
86,0.164627507
86,0.166332811
86,0.47083354
86,0.15336144
86,0.197651267
86,0.123809814
86,0.115709007
86,0.100278258
86,0.143604875
86,0.14525269
86,0.125072375
86,0.524441361
86,0.19241865
86,0.194139004
86,0.499826342
86,0.340867579
86,0.109312661
86,0.413243026
86,0.325396091
86,0.151820078
86,0.255230159
86,0.144902512
86,0.207086861
86,0.19140318
86,0.112093121
86,0.207283482
86,0.215163723
87,0.205844715
87,0.502367139
87,0.219274282
87,0.226205394
87,0.441424847
87,0.303892106
87,0.158379748
87,0.444557458
87,0.179660544
87,0.291001827
87,0.125243127
87,0.239940077
87,0.326658666
87,0.259396732
87,0.1508248
87,0.12216109
87,0.328792065
87,0.246390253
87,0.304936886
87,0.160254076
87,0.257204473
87,0.438911676
87,0.203800425
87,0.176083088
87,0.151046008
87,0.420099795
87,0.16219835
87,0.19268477
87,0.131025285
87,0.119740412
87,0.099550001
87,0.150673792
87,0.145584494
87,0.133414134
87,0.478172243
87,0.204454333
87,0.209001526
87,0.457096338
87,0.361249059
87,0.115136765
87,0.387673467
87,0.327684104
87,0.148334786
87,0.236408457
87,0.155017257
87,0.195676014
87,0.183926672
87,0.116124623
87,0.218075916
87,0.20447363
88,0.207016334
88,0.515012205
88,0.224255279
88,0.217177719
88,0.447378933
88,0.289075077
88,0.147375405
88,0.456118554
88,0.183014825
88,0.297693104
88,0.120044716
88,0.236364886
88,0.340590656
88,0.25240773
88,0.148912385
88,0.121386342
88,0.334301114
88,0.254222393
88,0.315811843
88,0.162903741
88,0.26093173
88,0.450974137
88,0.20791398
88,0.172337845
88,0.155392423
88,0.432888299
88,0.155683726
88,0.193276271
88,0.127001658
88,0.117563844
88,0.099153474
88,0.146316826
88,0.144758716
88,0.12793003
88,0.489011258
88,0.198966533
88,0.198443159
88,0.465838403
88,0.352900028
88,0.110995792
88,0.393199205
88,0.324445248
88,0.146426231
88,0.237601668
88,0.147863775
88,0.200208724
88,0.18761912
88,0.114261158
88,0.211459175
88,0.202998683
89,0.214880064
89,0.523239851
89,0.225427866
89,0.216643855
89,0.464022875
89,0.285273492
89,0.14773035
89,0.471437871
89,0.187521219
89,0.300220072
89,0.119519338
89,0.24291189
89,0.34449017
89,0.246635571
89,0.148720562
89,0.119777203
89,0.338611275
89,0.258760214
89,0.31632635
89,0.166832075
89,0.26347062
89,0.457472801
89,0.213991076
89,0.168405905
89,0.161265567
89,0.443705499
89,0.15543215
89,0.193201542
89,0.126919672
89,0.116112396
89,0.098983817
89,0.143913329
89,0.143211335
89,0.125446662
89,0.500621259
89,0.200639278
89,0.19645384
89,0.478432119
89,0.346988708
89,0.109752201
89,0.400776207
89,0.325042486
89,0.150527477
89,0.248485073
89,0.146218419
89,0.199616581
89,0.185120821
89,0.112095222
89,0.209921256
89,0.206611037
90,0.207447633
90,0.510149539
90,0.220042899
90,0.219868302
90,0.437527299
90,0.29495126
90,0.152509451
90,0.449065834
90,0.183053285
90,0.293346643
90,0.122517668
90,0.239331782
90,0.332225442
90,0.255027294
90,0.148632467
90,0.122484565
90,0.325174242
90,0.252212405
90,0.308039069
90,0.160442516
90,0.256405413
90,0.441445231
90,0.202639177
90,0.175232947
90,0.156580314
90,0.427496433
90,0.161151871
90,0.191772431
90,0.128333136
90,0.11862608
90,0.098758139
90,0.149062693
90,0.143974692
90,0.129663914
90,0.483677804
90,0.206449047
90,0.20080404
90,0.461603791
90,0.358962774
90,0.112864979
90,0.391531348
90,0.326892674
90,0.150794849
90,0.236144617
90,0.152435988
90,0.198812932
90,0.185153961
90,0.116128437
90,0.216360196
90,0.204279974
91,0.20711334
91,0.505943477
91,0.218845412
91,0.222977012
91,0.449050605
91,0.294979155
91,0.156503856
91,0.450590491
91,0.177749306
91,0.289834052
91,0.123208217
91,0.237035632
91,0.332247257
91,0.257497907
91,0.150761247
91,0.124073021
91,0.331452072
91,0.248064935
91,0.309818774
91,0.161375999
91,0.25506404
91,0.441419005
91,0.201418534
91,0.175435424
91,0.156488091
91,0.424135
91,0.159677774
91,0.193157971
91,0.129401669
91,0.119382523
91,0.099263459
91,0.14959155
91,0.145148337
91,0.130508155
91,0.486985594
91,0.206314653
91,0.205634683
91,0.461880773
91,0.359680772
91,0.114875793
91,0.388204783
91,0.330894291
91,0.147730291
91,0.246339858
91,0.153748408
91,0.196500763
91,0.18558827
91,0.11614646
91,0.217877686
91,0.206033304
92,0.207644895
92,0.519886792
92,0.219916493
92,0.2173796
92,0.463171303
92,0.285134554
92,0.150042683
92,0.473533183
92,0.186686397
92,0.296144038
92,0.120142609
92,0.238521606
92,0.342094332
92,0.248871684
92,0.148917332
92,0.120990463
92,0.330946356
92,0.25747022
92,0.325532436
92,0.164173752
92,0.257628918
92,0.459140569
92,0.205166459
92,0.171396181
92,0.156553939
92,0.439465225
92,0.154264599
92,0.195268571
92,0.125847965
92,0.1169554
92,0.099503078
92,0.146060765
92,0.143053859
92,0.125436783
92,0.500376165
92,0.197075605
92,0.199140966
92,0.476531655
92,0.348230928
92,0.11143776
92,0.400693864
92,0.326741964
92,0.147123709
92,0.248428047
92,0.147189096
92,0.193857864
92,0.186860964
92,0.114332892
92,0.212225839
92,0.206836849
93,0.209802389
93,0.520472705
93,0.223684564
93,0.216139153
93,0.469909787
93,0.287760526
93,0.155678928
93,0.469690174
93,0.188472524
93,0.299153298
93,0.121593066
93,0.241253197
93,0.337964177
93,0.24975203
93,0.149403393
93,0.121370152
93,0.337844253
93,0.256664842
93,0.318393409
93,0.167609975
93,0.261153221
93,0.460808545
93,0.213045135
93,0.173493549
93,0.159157813
93,0.447604179
93,0.156488687
93,0.196242094
93,0.126958206
93,0.117646471
93,0.099223927
93,0.147080258
93,0.143472135
93,0.128024042
93,0.503390729
93,0.196699485
93,0.200749874
93,0.474462897
93,0.351687998
93,0.112276517
93,0.397413015
93,0.328676969
93,0.147166669
93,0.250009954
93,0.149839327
93,0.198659152
93,0.187735975
93,0.113990031
93,0.211832568
93,0.207677633
94,0.214463905
94,0.525695503
94,0.228125274
94,0.213775381
94,0.474143475
94,0.290483832
94,0.151452765
94,0.478499621
94,0.195155874
94,0.307114959
94,0.120654702
94,0.245176375
94,0.342129081
94,0.247087389
94,0.149154425
94,0.121494181
94,0.340870529
94,0.257789046
94,0.321759313
94,0.169133797
94,0.267143607
94,0.466120422
94,0.218859091
94,0.169296399
94,0.161750302
94,0.454168111
94,0.157671899
94,0.194870248
94,0.125245914
94,0.118154392
94,0.099836715
94,0.144768715
94,0.144609794
94,0.12708272
94,0.509019434
94,0.193284765
94,0.199906558
94,0.482285947
94,0.34461987
94,0.110751048
94,0.406439334
94,0.323794395
94,0.151123419
94,0.256320357
94,0.148823231
94,0.199543297
94,0.192731202
94,0.113613985
94,0.211557224
94,0.212003589
95,0.209321931
95,0.509699404
95,0.221853226
95,0.21835734
95,0.446871758
95,0.294187576
95,0.153001562
95,0.456373215
95,0.180673927
95,0.29296574
95,0.122127093
95,0.240367427
95,0.333563864
95,0.252527326
95,0.149133578
95,0.123405814
95,0.332279831
95,0.253459781
95,0.31422466
95,0.162708074
95,0.256735802
95,0.448728919
95,0.208300009
95,0.174296156
95,0.157451198
95,0.43351534
95,0.15906556
95,0.191688061
95,0.1287622
95,0.118354075
95,0.099002659
95,0.148618042
95,0.1431465
95,0.12849015
95,0.486599773
95,0.203175977
95,0.201575845
95,0.468069315
95,0.358597726
95,0.113542557
95,0.394056648
95,0.327285141
95,0.14772588
95,0.240778565
95,0.150962889
95,0.200796872
95,0.185593963
95,0.115019672
95,0.215354279
95,0.207543209
96,0.210543737
96,0.515222132
96,0.222479701
96,0.216575027
96,0.464354843
96,0.284914434
96,0.150356576
96,0.466663539
96,0.184858486
96,0.297147036
96,0.121321425
96,0.242476985
96,0.338486999
96,0.254662424
96,0.14865081
96,0.123473719
96,0.339021504
96,0.253647894
96,0.317100734
96,0.164809987
96,0.261154264
96,0.449420244
96,0.212082893
96,0.172274977
96,0.159035876
96,0.437239438
96,0.157123774
96,0.192983255
96,0.128237367
96,0.116614744
96,0.099248171
96,0.147112966
96,0.146200866
96,0.127338737
96,0.500512898
96,0.198728457
96,0.197866321
96,0.472859174
96,0.35414058
96,0.112174161
96,0.396682948
96,0.330716491
96,0.148120597
96,0.245596483
96,0.150046736
96,0.199468285
96,0.190773413
96,0.114870943
96,0.212485388
96,0.204984352
97,0.210393146
97,0.528539896
97,0.226341739
97,0.214463994
97,0.459932953
97,0.278433204
97,0.146005109
97,0.473665774
97,0.188025504
97,0.300125629
97,0.117229275
97,0.242658362
97,0.350171745
97,0.247256234
97,0.144673541
97,0.118517287
97,0.335359633
97,0.264309049
97,0.32990247
97,0.162830561
97,0.264308959
97,0.463582009
97,0.209770635
97,0.167013198
97,0.157911822
97,0.448053807
97,0.152938381
97,0.192002237
97,0.124183036
97,0.115991376
97,0.099727161
97,0.141240537
97,0.143317163
97,0.122131296
97,0.503716469
97,0.198408172
97,0.192662373
97,0.480148882
97,0.346059591
97,0.108757101
97,0.402709186
97,0.326597512
97,0.146871194
97,0.250682205
97,0.143089622
97,0.200746819
97,0.186945066
97,0.112804197
97,0.208598644
97,0.204225093
98,0.207286164
98,0.517083824
98,0.221636727
98,0.216373593
98,0.460782319
98,0.285602063
98,0.151096806
98,0.468786955
98,0.184581816
98,0.301042587
98,0.120977648
98,0.241409406
98,0.342636913
98,0.248852357
98,0.148330033
98,0.122393794
98,0.332688123
98,0.255595267
98,0.322179079
98,0.165808037
98,0.256563395
98,0.454650015
98,0.209380701
98,0.171370357
98,0.157635093
98,0.43912518
98,0.155868456
98,0.196439072
98,0.127339199
98,0.119737446
98,0.098406233
98,0.146758497
98,0.144229859
98,0.12680766
98,0.496915251
98,0.197409362
98,0.200428396
98,0.468161643
98,0.351108253
98,0.112623602
98,0.396130741
98,0.325710416
98,0.146184593
98,0.247364298
98,0.148638934
98,0.196871266
98,0.189859316
98,0.114089772
98,0.21106723
98,0.206963524
99,0.206824392
99,0.507442117
99,0.221621737
99,0.221300662
99,0.452039719
99,0.305442035
99,0.159322575
99,0.460071146
99,0.182959437
99,0.289270461
99,0.124689929
99,0.242504284
99,0.325965732
99,0.256152302
99,0.148311242
99,0.124389187
99,0.331712365
99,0.251352161
99,0.312952995
99,0.161823571
99,0.256488562
99,0.449502021
99,0.205731004
99,0.17813693
99,0.159649193
99,0.437288105
99,0.158300325
99,0.195222378
99,0.128085151
99,0.119457655
99,0.099795543
99,0.151177436
99,0.146981269
99,0.13275899
99,0.494370252
99,0.20219183
99,0.209872723
99,0.467389256
99,0.357562602
99,0.115495257
99,0.391067356
99,0.330402315
99,0.150067732
99,0.243357912
99,0.154016048
99,0.194777951
99,0.188184991
99,0.116900764
99,0.217974484
99,0.204943985
100,0.21239014
100,0.530030012
100,0.228507608
100,0.217419758
100,0.468900532
100,0.282702923
100,0.148931757
100,0.474102795
100,0.188540205
100,0.306365639
100,0.118537091
100,0.24282293
100,0.345905036
100,0.248016998
100,0.148955986
100,0.120876923
100,0.34186691
100,0.259057701
100,0.326040149
100,0.166819021
100,0.264110237
100,0.465705216
100,0.218173325
100,0.16778259
100,0.163315266
100,0.454904497
100,0.154331937
100,0.195287168
100,0.12605609
100,0.115522653
100,0.099510714
100,0.143959463
100,0.144481421
100,0.125732079
100,0.511178792
100,0.196934327
100,0.196072862
100,0.479342282
100,0.343369275
100,0.109315373
100,0.406001389
100,0.328435749
100,0.149291992
100,0.254490614
100,0.145464122
100,0.199580416
100,0.189830437
100,0.11252667
100,0.210893109
100,0.210010886