lambda,test_scrps
0,0.724876577
0,1.294864607
0,0.772583276
0,0.618341911
0,1.454205167
0,0.637505239
0,0.521814016
0,1.381410527
0,0.784932077
0,0.932161003
0,0.501922378
0,0.771312636
0,1.099725604
0,0.650827223
0,0.572729033
0,0.51889599
0,0.987660903
0,0.86526041
0,0.968609691
0,0.719619995
0,0.858211219
0,1.241286683
0,0.777368778
0,0.565036881
0,0.677244055
0,1.285021949
0,0.566344362
0,0.740594554
0,0.509890673
0,0.52674123
0,0.524955961
0,0.529894951
0,0.58391704
0,0.495026734
0,1.357390141
0,0.572655201
0,0.59264887
0,1.284212637
0,0.750046873
0,0.487905422
0,1.000537002
0,0.796136212
0,0.586603469
0,0.917259109
0,0.517514974
0,0.679911077
0,0.730815411
0,0.506398836
0,0.601160055
0,0.708534265
1,0.707052743
1,1.263553596
1,0.752377921
1,0.636499029
1,1.346683168
1,0.660105479
1,0.531162146
1,1.254680812
1,0.79001652
1,0.939746827
1,0.508223981
1,0.792621624
1,1.071750462
1,0.666013771
1,0.581792456
1,0.514704198
1,0.965151805
1,0.860758233
1,0.928990346
1,0.712860519
1,0.847734791
1,1.222878647
1,0.807684058
1,0.571829349
1,0.66017372
1,1.23187288
1,0.555906403
1,0.74183796
1,0.519079274
1,0.501222295
1,0.533043486
1,0.549416387
1,0.571399367
1,0.498536444
1,1.300324142
1,0.586197048
1,0.597515333
1,1.317334604
1,0.730236095
1,0.494195455
1,0.983186209
1,0.809236711
1,0.606785595
1,0.903503084
1,0.51699276
1,0.660587156
1,0.709143585
1,0.515528354
1,0.598046505
1,0.692993891
2,0.704756677
2,1.239933693
2,0.771663564
2,0.597136742
2,1.354258299
2,0.707649112
2,0.5319691
2,1.22418263
2,0.764927578
2,0.885996199
2,0.511891675
2,0.775446606
2,1.01899249
2,0.668294352
2,0.576701087
2,0.520526573
2,0.950942355
2,0.833610529
2,0.92455889
2,0.695089734
2,0.831329745
2,1.197040272
2,0.789971477
2,0.596872175
2,0.64937197
2,1.16081748
2,0.560704994
2,0.722502416
2,0.52777054
2,0.521223632
2,0.5183173
2,0.549022126
2,0.578226352
2,0.507257596
2,1.227540076
2,0.590107995
2,0.593347651
2,1.176064634
2,0.765981865
2,0.503023869
2,0.965449715
2,0.775780523
2,0.57957806
2,0.877594227
2,0.526398927
2,0.680190623
2,0.715331489
2,0.523241559
2,0.614223045
2,0.722929943
3,0.682114267
3,1.210921228
3,0.768862969
3,0.607562476
3,1.318885779
3,0.673010391
3,0.542505479
3,1.254040134
3,0.731860602
3,0.873824412
3,0.516861349
3,0.742042059
3,1.020129013
3,0.659578359
3,0.573908669
3,0.528720215
3,0.909019834
3,0.786331207
3,0.914824283
3,0.674537182
3,0.80964548
3,1.136629653
3,0.788686383
3,0.592571992
3,0.646285903
3,1.182205796
3,0.569897282
3,0.719432306
3,0.527439976
3,0.52910524
3,0.5244663
3,0.534928012
3,0.580187762
3,0.512444097
3,1.231421483
3,0.598069352
3,0.607061327
3,1.158094418
3,0.769820821
3,0.502058557
3,0.961887217
3,0.783747488
3,0.610301745
3,0.884481388
3,0.532440138
3,0.664294255
3,0.69351719
3,0.52883991
3,0.594951367
3,0.703055888
4,0.706327164
4,1.207417953
4,0.77064234
4,0.631380606
4,1.28886472
4,0.695006526
4,0.552730304
4,1.220496476
4,0.729454547
4,0.881430405
4,0.524387372
4,0.759267879
4,0.995277107
4,0.659768218
4,0.583880895
4,0.523959193
4,0.957016575
4,0.826575208
4,0.898262376
4,0.689218426
4,0.814499319
4,1.141280496
4,0.772425979
4,0.59059791
4,0.674948144
4,1.163391817
4,0.563925713
4,0.706306052
4,0.531042594
4,0.539915675
4,0.528237116
4,0.541247118
4,0.58689841
4,0.525267452
4,1.269435918
4,0.605481917
4,0.614855379
4,1.136700809
4,0.744524199
4,0.51171762
4,0.961476368
4,0.782903117
4,0.591865408
4,0.855941904
4,0.541389531
4,0.66819455
4,0.702321351
4,0.508060151
4,0.604887217
4,0.705502647
5,0.695679927
5,1.178950477
5,0.742956072
5,0.615380645
5,1.228545988
5,0.705096096
5,0.575428289
5,1.220783758
5,0.737149906
5,0.882014042
5,0.528815877
5,0.747845256
5,0.969488388
5,0.699433148
5,0.581420088
5,0.527618322
5,0.913866377
5,0.796483368
5,0.873731315
5,0.682492054
5,0.787870783
5,1.121227968
5,0.761741936
5,0.571827835
5,0.618711627
5,1.104288971
5,0.577793241
5,0.696057743
5,0.527550164
5,0.531018925
5,0.518410042
5,0.547815371
5,0.583819634
5,0.525471717
5,1.202333236
5,0.602053851
5,0.61098792
5,1.158822858
5,0.75372721
5,0.509843394
5,0.934666306
5,0.778713119
5,0.606920505
5,0.790851313
5,0.547277313
5,0.6447559
5,0.6886177
5,0.520993522
5,0.628207642
5,0.68591845
6,0.711531329
6,1.163900113
6,0.716247749
6,0.616338807
6,1.236125875
6,0.687465048
6,0.564431107
6,1.196702266
6,0.730695695
6,0.875730193
6,0.522895318
6,0.729596949
6,0.964862055
6,0.683694261
6,0.583429235
6,0.516045767
6,0.896293032
6,0.815716749
6,0.886891997
6,0.664074796
6,0.810405898
6,1.125205517
6,0.76214779
6,0.600772852
6,0.608406076
6,1.119430363
6,0.57369557
6,0.690235901
6,0.532453716
6,0.53538177
6,0.529528156
6,0.543900752
6,0.591422719
6,0.531294054
6,1.198415649
6,0.615035242
6,0.614868343
6,1.151988697
6,0.767232829
6,0.508238435
6,0.944112611
6,0.783254272
6,0.586282283
6,0.814382064
6,0.545783454
6,0.680748928
6,0.68635968
6,0.522131217
6,0.607059997
6,0.704755574
7,0.689575493
7,1.177432466
7,0.755970234
7,0.622828561
7,1.229327786
7,0.711326212
7,0.559816802
7,1.102570605
7,0.714942759
7,0.856291676
7,0.530609947
7,0.745708537
7,0.975580138
7,0.676554161
7,0.568716747
7,0.539365715
7,0.899193096
7,0.800558829
7,0.872523528
7,0.694049412
7,0.787526774
7,1.081884396
7,0.746440893
7,0.563030368
7,0.658551615
7,1.159478927
7,0.5635656
7,0.693083692
7,0.540933233
7,0.526637766
7,0.53276695
7,0.56525228
7,0.571527505
7,0.531849444
7,1.184255362
7,0.614636403
7,0.610895604
7,1.116658521
7,0.750069898
7,0.515454611
7,0.909516585
7,0.785953212
7,0.602565479
7,0.815080947
7,0.550477839
7,0.653982252
7,0.685603023
7,0.508750859
7,0.596164328
7,0.668194085
8,0.695497292
8,1.121461654
8,0.726256883
8,0.624063295
8,1.183662546
8,0.723889995
8,0.558794671
8,1.208489501
8,0.738174456
8,0.850902754
8,0.534662032
8,0.734099984
8,0.949277061
8,0.686139792
8,0.58778199
8,0.549254936
8,0.871534073
8,0.792386603
8,0.859144729
8,0.66863879
8,0.76955511
8,1.080605888
8,0.731152415
8,0.593435824
8,0.643259454
8,1.061771238
8,0.582243705
8,0.709990394
8,0.543449178
8,0.546070957
8,0.531149006
8,0.564390737
8,0.595673805
8,0.534217316
8,1.164270175
8,0.605150956
8,0.620934808
8,1.122145319
8,0.778516477
8,0.520308802
8,0.918091023
8,0.763131076
8,0.612488353
8,0.802423632
8,0.555363393
8,0.65377593
8,0.674126583
8,0.52206704
8,0.613835412
8,0.691552544
9,0.696844304
9,1.147905397
9,0.767493457
9,0.626330465
9,1.143841982
9,0.725302714
9,0.573421806
9,1.138193202
9,0.737932307
9,0.852623737
9,0.533892429
9,0.734048641
9,0.952392823
9,0.671718878
9,0.569806463
9,0.548546773
9,0.831484973
9,0.771965951
9,0.844501442
9,0.648487747
9,0.771179658
9,1.098819554
9,0.725895476
9,0.572116041
9,0.635163784
9,1.115976292
9,0.574787611
9,0.695820087
9,0.539164099
9,0.549335212
9,0.516997984
9,0.577904314
9,0.580834943
9,0.544638342
9,1.113639235
9,0.647246301
9,0.630717784
9,1.143308067
9,0.772172648
9,0.528321624
9,0.934099269
9,0.778607482
9,0.59623149
9,0.808270264
9,0.562205005
9,0.663099754
9,0.687172771
9,0.53541531
9,0.61898905
9,0.68289212
10,0.699813175
10,1.113014543
10,0.741489321
10,0.629414743
10,1.148845398
10,0.687900555
10,0.568039232
10,1.077710605
10,0.742565209
10,0.86051771
10,0.539183754
10,0.757025945
10,0.950914276
10,0.673176271
10,0.576027244
10,0.537131146
10,0.895666689
10,0.7779953
10,0.866676146
10,0.661123836
10,0.777265435
10,1.067155004
10,0.757302862
10,0.590367794
10,0.625634861
10,1.040798187
10,0.583202493
10,0.679541296
10,0.539490527
10,0.536712936
10,0.537401891
10,0.566797566
10,0.578811079
10,0.540406132
10,1.131935346
10,0.623013431
10,0.612819743
10,1.065869308
10,0.773548555
10,0.526907647
10,0.91532743
10,0.774317509
10,0.589664781
10,0.785089576
10,0.562321281
10,0.652336639
10,0.681481463
10,0.527786759
10,0.599961746
10,0.673364234
11,0.709080702
11,1.119432139
11,0.723987538
11,0.636671895
11,1.087987316
11,0.72092554
11,0.57697674
11,1.068638211
11,0.684134984
11,0.826112992
11,0.547314566
11,0.743569237
11,0.896303689
11,0.684631753
11,0.589803839
11,0.531502014
11,0.873701006
11,0.764270383
11,0.838896078
11,0.657897168
11,0.758746421
11,1.022171336
11,0.714158189
11,0.610750002
11,0.596338183
11,1.006311351
11,0.572407013
11,0.689362168
11,0.55163855
11,0.537470552
11,0.531982848
11,0.572959477
11,0.595058805
11,0.552886999
11,1.133430099
11,0.650126517
11,0.636809564
11,1.090134132
11,0.774201548
11,0.534842175
11,0.895548081
11,0.769035864
11,0.609672749
11,0.743538028
11,0.572863376
11,0.64293161
11,0.670501125
11,0.543617868
11,0.632557088
11,0.683637226
12,0.679960048
12,1.063605666
12,0.709612483
12,0.649848276
12,1.108470035
12,0.733816397
12,0.582286853
12,1.113838875
12,0.711322886
12,0.818256342
12,0.551461726
12,0.740066677
12,0.879079109
12,0.687839991
12,0.593569654
12,0.544874918
12,0.848703003
12,0.768622142
12,0.838166428
12,0.65439775
12,0.759623832
12,1.061955893
12,0.730535489
12,0.6260656
12,0.620483869
12,1.03627429
12,0.609308416
12,0.721736622
12,0.551157236
12,0.547534341
12,0.530804774
12,0.57537722
12,0.59024139
12,0.556692702
12,1.043823504
12,0.629678077
12,0.627862334
12,1.061401713
12,0.795468682
12,0.543992913
12,0.893114895
12,0.760171843
12,0.607291949
12,0.766121572
12,0.575030673
12,0.619878435
12,0.666903949
12,0.543099779
12,0.627098078
12,0.65618428
13,0.659105682
13,1.094264936
13,0.70247848
13,0.663686305
13,1.090493369
13,0.729183793
13,0.596067601
13,1.029498112
13,0.700350279
13,0.813000309
13,0.550506914
13,0.71786918
13,0.917121661
13,0.68761391
13,0.581657511
13,0.545371991
13,0.854960114
13,0.773217475
13,0.831554878
13,0.653931791
13,0.767016619
13,1.018570966
13,0.733558232
13,0.601432979
13,0.623535722
13,1.063549107
13,0.578471994
13,0.6853939
13,0.533043504
13,0.55102323
13,0.532403016
13,0.595084494
13,0.575400352
13,0.555837214
13,1.08680476
13,0.619019961
13,0.639047718
13,1.028116196
13,0.758794707
13,0.542140424
13,0.880612421
13,0.761694092
13,0.586762965
13,0.745631212
13,0.575519377
13,0.6371108
13,0.658093792
13,0.546749967
13,0.641450417
13,0.655589533
14,0.695648819
14,1.104364908
14,0.733976871
14,0.613688505
14,1.137995088
14,0.728427303
14,0.597605884
14,1.082217348
14,0.685905093
14,0.836426079
14,0.544329363
14,0.722484756
14,0.898045868
14,0.680493057
14,0.5752249
14,0.542942935
14,0.893699789
14,0.774679202
14,0.856455088
14,0.656270987
14,0.760758466
14,1.031657189
14,0.726556027
14,0.608934128
14,0.62636885
14,1.090335947
14,0.589854044
14,0.686378139
14,0.542190015
14,0.553656489
14,0.532772535
14,0.572920036
14,0.590575641
14,0.55494228
14,1.079966021
14,0.635487992
14,0.622794646
14,1.05853079
14,0.795573699
14,0.535333079
14,0.896211708
14,0.775145423
14,0.615147287
14,0.792484009
14,0.564754683
14,0.664379823
14,0.687793326
14,0.554326499
14,0.633733547
14,0.683813202
15,0.666208971
15,1.091556394
15,0.724623394
15,0.640618843
15,1.075200009
15,0.726638043
15,0.570308101
15,1.054743272
15,0.735654324
15,0.817817855
15,0.549835342
15,0.728279424
15,0.899624467
15,0.673830253
15,0.594079036
15,0.542620793
15,0.845842087
15,0.743356878
15,0.819601822
15,0.645747888
15,0.770044637
15,1.024545282
15,0.723561126
15,0.60354442
15,0.625471741
15,1.032241684
15,0.595947158
15,0.66324259
15,0.554065484
15,0.543767619
15,0.544409567
15,0.567414594
15,0.580399483
15,0.552071309
15,1.121065867
15,0.62662527
15,0.648946464
15,1.10844847
15,0.774024236
15,0.541028851
15,0.897773874
15,0.752603918
15,0.603011113
15,0.769589657
15,0.571000308
15,0.630860877
15,0.683159006
15,0.539840293
15,0.641102868
15,0.674386793
16,0.697847253
16,1.067710304
16,0.701420891
16,0.630961275
16,1.086326265
16,0.728336066
16,0.580816114
16,1.088269973
16,0.71615417
16,0.824806982
16,0.550819325
16,0.726356667
16,0.8763695
16,0.689688087
16,0.5971178
16,0.548914725
16,0.864110404
16,0.752624989
16,0.854178488
16,0.647160506
16,0.771333444
16,1.018460083
16,0.720246816
16,0.58640846
16,0.640144044
16,1.01491797
16,0.585105413
16,0.68720268
16,0.556784552
16,0.539111686
16,0.537678379
16,0.563932908
16,0.592104691
16,0.544633061
16,1.105917335
16,0.630043918
16,0.631701434
16,1.038322622
16,0.764306349
16,0.537196732
16,0.872586286
16,0.755145377
16,0.588407427
16,0.767197657
16,0.569868135
16,0.680780995
16,0.673788702
16,0.541552472
16,0.642334199
16,0.669800073
17,0.683451986
17,1.084177947
17,0.701041925
17,0.658129764
17,1.058983564
17,0.74810248
17,0.592811722
17,1.063428456
17,0.677093196
17,0.829477125
17,0.554104322
17,0.715883875
17,0.88075276
17,0.683200246
17,0.582338017
17,0.544724721
17,0.846265548
17,0.758194822
17,0.836044919
17,0.639517742
17,0.766000485
17,1.040424657
17,0.733360445
17,0.608048141
17,0.616244626
17,0.969298816
17,0.591983092
17,0.685631812
17,0.560777536
17,0.549960053
17,0.544199198
17,0.585351563
17,0.598972803
17,0.561983979
17,1.035228497
17,0.62839433
17,0.621643144
17,1.039867997
17,0.775359702
17,0.54350794
17,0.873075652
17,0.759604675
17,0.601943022
17,0.747670913
17,0.58394016
17,0.647748268
17,0.652548021
17,0.555949092
17,0.645929897
17,0.657983249
18,0.706568557
18,1.106373775
18,0.732726479
18,0.647386634
18,1.078527081
18,0.721375501
18,0.595888728
18,1.056713021
18,0.709172064
18,0.833769441
18,0.553899473
18,0.735753566
18,0.876048899
18,0.67120384
18,0.605276525
18,0.547114298
18,0.853057325
18,0.782314205
18,0.850759506
18,0.659483773
18,0.770591933
18,1.021817762
18,0.713304842
18,0.611839336
18,0.608951896
18,1.02261948
18,0.581148702
18,0.696033204
18,0.558860248
18,0.543360788
18,0.53603982
18,0.579015481
18,0.600048578
18,0.559957737
18,1.082159573
18,0.633769059
18,0.632591689
18,1.051848423
18,0.755734009
18,0.541046113
18,0.898621666
18,0.775155658
18,0.611104238
18,0.769413215
18,0.573570633
18,0.653898114
18,0.664343262
18,0.539702824
18,0.62742486
18,0.670759708
19,0.680419952
19,1.0379695
19,0.714396101
19,0.629592752
19,1.067915148
19,0.725830615
19,0.576028693
19,1.034773344
19,0.689563918
19,0.843013501
19,0.555241507
19,0.716136336
19,0.907583743
19,0.69374916
19,0.591975093
19,0.559717453
19,0.853730518
19,0.760602826
19,0.833698893
19,0.663467163
19,0.755249339
19,1.000839031
19,0.699378484
19,0.606145245
19,0.619739163
19,1.011314476
19,0.607240498
19,0.677626228
19,0.557347929
19,0.564872748
19,0.548037726
19,0.588643843
19,0.590159339
19,0.559148991
19,1.07449944
19,0.619327724
19,0.627236402
19,0.999219805
19,0.776123112
19,0.546210748
19,0.871562344
19,0.751613265
19,0.617684442
19,0.748449004
19,0.58403061
19,0.678027356
19,0.658308184
19,0.553629696
19,0.655645436
19,0.701775616
20,0.684440422
20,1.050000191
20,0.725111127
20,0.623204058
20,1.050784111
20,0.712013292
20,0.605315828
20,1.083812475
20,0.691973358
20,0.819653535
20,0.559860927
20,0.705545908
20,0.858951688
20,0.676788884
20,0.605385017
20,0.557034111
20,0.837119311
20,0.750034058
20,0.831037283
20,0.639487159
20,0.767041945
20,1.012832958
20,0.728056473
20,0.617308384
20,0.65455727
20,1.044004256
20,0.603888196
20,0.675302356
20,0.54657757
20,0.549713409
20,0.543798757
20,0.583531332
20,0.612352085
20,0.56417219
20,1.084066993
20,0.63387925
20,0.631830108
20,1.003838068
20,0.761297393
20,0.547335732
20,0.877063155
20,0.761135638
20,0.606478363
20,0.752201015
20,0.5799878
20,0.67800411
20,0.664403856
20,0.559003276
20,0.631191248
20,0.700841922
21,0.706616533
21,1.071028954
21,0.723584104
21,0.643282044
21,1.014140886
21,0.708575684
21,0.607392585
21,1.031893981
21,0.713535672
21,0.78305366
21,0.553595144
21,0.742354673
21,0.890416157
21,0.667362684
21,0.578154492
21,0.534819436
21,0.806866747
21,0.764543498
21,0.825166315
21,0.651874238
21,0.764214194
21,1.008538562
21,0.716569209
21,0.612582737
21,0.641894597
21,1.020348597
21,0.607104903
21,0.666585732
21,0.568205422
21,0.56438536
21,0.557423007
21,0.580001205
21,0.592842138
21,0.563170552
21,1.04371314
21,0.636690807
21,0.631808174
21,1.014387608
21,0.758878696
21,0.550461489
21,0.875121123
21,0.775266159
21,0.603759164
21,0.732098258
21,0.578359163
21,0.666212243
21,0.669974059
21,0.543141282
21,0.618277657
21,0.653910285
22,0.678994149
22,1.05795573
22,0.709730971
22,0.660873866
22,1.044475472
22,0.719995278
22,0.591132665
22,1.025879639
22,0.675732112
22,0.806558603
22,0.565109825
22,0.734654409
22,0.906844705
22,0.691529113
22,0.612052584
22,0.564827734
22,0.829328912
22,0.754520679
22,0.806881267
22,0.640715814
22,0.760620642
22,0.971971768
22,0.695555371
22,0.622372019
22,0.633024359
22,0.960904568
22,0.621723217
22,0.68317132
22,0.559889895
22,0.571734762
22,0.544584811
22,0.579788083
22,0.598843592
22,0.569197965
22,0.95179069
22,0.658792782
22,0.63589257
22,1.015132272
22,0.773590857
22,0.557430798
22,0.881762356
22,0.757499242
22,0.615943068
22,0.711767793
22,0.593550014
22,0.689709407
22,0.667963696
22,0.563913423
22,0.647503763
22,0.673480046
23,0.686796075
23,1.033219498
23,0.710110027
23,0.65415054
23,1.004516423
23,0.739079267
23,0.601943141
23,1.016330504
23,0.654614687
23,0.840436918
23,0.561063236
23,0.713652736
23,0.887194985
23,0.678636807
23,0.592477965
23,0.566241741
23,0.82259441
23,0.754760557
23,0.833485216
23,0.646635741
23,0.747113967
23,0.998447895
23,0.689775884
23,0.61299718
23,0.603182971
23,0.990162367
23,0.612791419
23,0.678148329
23,0.560373133
23,0.543004805
23,0.551024997
23,0.582742751
23,0.58087278
23,0.570966166
23,1.011628759
23,0.656576556
23,0.633227098
23,0.990386188
23,0.779124486
23,0.547014624
23,0.882715547
23,0.757993692
23,0.594024307
23,0.737781876
23,0.581257039
23,0.650603724
23,0.646758687
23,0.542943263
23,0.638881224
23,0.6655065
24,0.688615191
24,0.998704481
24,0.686384988
24,0.652458245
24,0.996978831
24,0.735835683
24,0.595146447
24,1.007530016
24,0.648896658
24,0.779225302
24,0.567284924
24,0.740965205
24,0.845295936
24,0.69934907
24,0.590227586
24,0.567509586
24,0.82540161
24,0.73249355
24,0.798002839
24,0.633193743
24,0.740298909
24,0.956026614
24,0.706706923
24,0.609354913
24,0.609075356
24,0.979674685
24,0.5999897
24,0.660433972
24,0.560667866
24,0.563175184
24,0.559577167
24,0.591712326
24,0.588936311
24,0.574243414
24,1.027112573
24,0.636521578
24,0.662042576
24,0.963157672
24,0.783388329
24,0.558846289
24,0.859893769
24,0.764157289
24,0.609174615
24,0.726791781
24,0.589582705
24,0.665397608
24,0.666259897
24,0.56934498
24,0.655896038
24,0.67799226
25,0.687249541
25,1.043369436
25,0.719903702
25,0.670664746
25,1.011566144
25,0.723223519
25,0.595355552
25,1.067554873
25,0.718213409
25,0.84452368
25,0.566564059
25,0.727611214
25,0.86285041
25,0.700615972
25,0.586140114
25,0.549384367
25,0.825755155
25,0.755018324
25,0.817494696
25,0.644108927
25,0.762792242
25,0.998584628
25,0.707499373
25,0.603945553
25,0.625375497
25,0.967020178
25,0.59519645
25,0.68638069
25,0.569924116
25,0.571270016
25,0.553831273
25,0.589736688
25,0.625188744
25,0.576047283
25,1.013888443
25,0.644101071
25,0.6409141
25,1.012286556
25,0.783790654
25,0.552422172
25,0.87096771
25,0.756225562
25,0.609222358
25,0.774868602
25,0.586012316
25,0.660702121
25,0.676814765
25,0.549220484
25,0.644661403
25,0.696628129
26,0.694819695
26,1.033973801
26,0.707884973
26,0.650735575
26,0.976880199
26,0.749793726
26,0.600843865
26,1.023113137
26,0.675681037
26,0.825168592
26,0.566265428
26,0.746637344
26,0.866611248
26,0.689470506
26,0.598604858
26,0.570457193
26,0.847232896
26,0.74841553
26,0.841850704
26,0.640256488
26,0.750317538
26,0.985105622
26,0.698385292
26,0.613300645
26,0.641358733
26,1.014131916
26,0.601943606
26,0.670582837
26,0.577979261
26,0.558782268
26,0.554720849
26,0.590041608
26,0.60430702
26,0.571951753
26,1.026703173
26,0.616111308
26,0.635832769
26,1.009215635
26,0.772518307
26,0.555727905
26,0.878958505
26,0.762734377
26,0.603572553
26,0.753305024
26,0.593763942
26,0.658971059
26,0.694472927
26,0.572184879
26,0.640756732
26,0.662681133
27,0.693359268
27,1.028055137
27,0.72461465
27,0.661394596
27,1.040581852
27,0.731941193
27,0.601014632
27,1.006181878
27,0.678858507
27,0.831132019
27,0.568345666
27,0.72732659
27,0.866742414
27,0.682958037
27,0.599796396
27,0.576860934
27,0.850288552
27,0.742638451
27,0.820012701
27,0.658959895
27,0.750743937
27,0.991673023
27,0.69630276
27,0.610659879
27,0.628290117
27,0.979188961
27,0.598251313
27,0.68971566
27,0.561317265
27,0.568708533
27,0.55595547
27,0.585293287
27,0.614792061
27,0.570641553
27,1.063244522
27,0.659675592
27,0.614371109
27,1.023893762
27,0.772928822
27,0.556384552
27,0.873266417
27,0.78062287
27,0.618964088
27,0.738273257
27,0.584903032
27,0.646972924
27,0.674008405
27,0.575138503
27,0.640660161
27,0.683173561
28,0.690313369
28,1.042516375
28,0.717327529
28,0.650282162
28,1.023046178
28,0.703745449
28,0.618735093
28,0.983501506
28,0.688439649
28,0.796758312
28,0.56366815
28,0.722452039
28,0.866600704
28,0.691562515
28,0.591310596
28,0.573323673
28,0.834793943
28,0.766525787
28,0.799727201
28,0.645418251
28,0.754566401
28,0.98459869
28,0.69334771
28,0.612340921
28,0.65495252
28,1.047033083
28,0.603802514
28,0.685456443
28,0.561915869
28,0.563154227
28,0.545476228
28,0.580277622
28,0.602508599
28,0.569244742
28,1.048043233
28,0.643677503
28,0.633598596
28,1.012208772
28,0.776452422
28,0.555907458
28,0.856029588
28,0.752957839
28,0.621678692
28,0.750639862
28,0.589661145
28,0.671916044
28,0.661158603
28,0.562511259
28,0.638528377
28,0.711370796
29,0.677055842
29,1.001884842
29,0.718205798
29,0.64942593
29,1.028491169
29,0.732875627
29,0.615382618
29,0.972563696
29,0.698209673
29,0.795639557
29,0.57231006
29,0.718740398
29,0.841597992
29,0.694675398
29,0.62434268
29,0.570834965
29,0.804094481
29,0.740063071
29,0.806624365
29,0.662384909
29,0.75533756
29,0.976234174
29,0.696010435
29,0.638024378
29,0.64321779
29,0.949822557
29,0.606594723
29,0.68071717
29,0.587092626
29,0.574851125
29,0.554201949
29,0.598489875
29,0.614997411
29,0.581848586
29,0.985829121
29,0.646936768
29,0.639466351
29,0.976840305
29,0.788237149
29,0.564363557
29,0.85945555
29,0.765018797
29,0.606612688
29,0.721263915
29,0.598560429
29,0.697289938
29,0.662673807
29,0.560471815
29,0.652520061
29,0.673670208
30,0.698638254
30,1.045007634
30,0.721189487
30,0.670542896
30,1.013184786
30,0.711205679
30,0.609031904
30,1.020065558
30,0.716887879
30,0.816249084
30,0.569296002
30,0.70913111
30,0.826926231
30,0.671763641
30,0.597357851
30,0.583444238
30,0.806368637
30,0.749799955
30,0.838149208
30,0.660360813
30,0.758245724
30,1.017143536
30,0.704850841
30,0.605436641
30,0.627512735
30,1.027491343
30,0.607212812
30,0.660986584
30,0.572319597
30,0.584747177
30,0.550870222
30,0.580079532
30,0.607437187
30,0.57498886
30,1.051904333
30,0.650527352
30,0.645425111
30,0.984479576
30,0.747480255
30,0.557050771
30,0.880312413
30,0.754433751
30,0.646839607
30,0.743612707
30,0.586025691
30,0.665217036
30,0.660720676
30,0.573025471
30,0.648555475
30,0.702433699
31,0.689026028
31,1.016498786
31,0.707319444
31,0.656762201
31,1.016800416
31,0.7289572
31,0.607732934
31,1.001928467
31,0.679057527
31,0.783727765
31,0.570745796
31,0.726996434
31,0.860489804
31,0.707150817
31,0.620736551
31,0.577324045
31,0.833478236
31,0.749208695
31,0.810513347
31,0.655004627
31,0.746884704
31,0.990700018
31,0.717207789
31,0.608728927
31,0.621142805
31,0.930631757
31,0.605313361
31,0.667055798
31,0.604032016
31,0.583346289
31,0.552910364
31,0.592186266
31,0.597756386
31,0.577799654
31,0.966125959
31,0.649934512
31,0.648506814
31,0.960858405
31,0.779212302
31,0.562460452
31,0.865701139
31,0.775217849
31,0.625494885
31,0.718128854
31,0.594788098
31,0.659837049
31,0.657865512
31,0.548938364
31,0.660693836
31,0.668531835
32,0.663514173
32,1.029022068
32,0.714301443
32,0.646791774
32,0.977066088
32,0.735224032
32,0.595918131
32,1.021257406
32,0.697496945
32,0.805280125
32,0.57697053
32,0.727972221
32,0.850264919
32,0.715590733
32,0.615500087
32,0.582998729
32,0.834453279
32,0.742225438
32,0.815503937
32,0.65761829
32,0.752258152
32,0.979798228
32,0.721931267
32,0.638318586
32,0.633369285
32,0.919176316
32,0.614424324
32,0.660676485
32,0.577582121
32,0.584444654
32,0.545264858
32,0.59309001
32,0.603069407
32,0.585155267
32,1.017054456
32,0.665401566
32,0.638158149
32,0.988763946
32,0.780645382
32,0.559802568
32,0.88107304
32,0.767325747
32,0.61478914
32,0.760252464
32,0.602460843
32,0.672018462
32,0.657807308
32,0.565928775
32,0.640098226
32,0.703246737
33,0.675622779
33,0.996069956
33,0.709858668
33,0.639787507
33,0.936490911
33,0.718992776
33,0.57805059
33,0.968267345
33,0.684200573
33,0.792054588
33,0.579695433
33,0.709377909
33,0.850112486
33,0.707927907
33,0.591338331
33,0.573230308
33,0.809323299
33,0.740956378
33,0.810031754
33,0.649515069
33,0.734993672
33,0.934129238
33,0.693684018
33,0.635711229
33,0.654530323
33,0.932050842
33,0.605175024
33,0.673454803
33,0.586135709
33,0.589250642
33,0.55084877
33,0.60488978
33,0.600856924
33,0.586094868
33,0.99404934
33,0.652842021
33,0.636546099
33,0.96998657
33,0.797567177
33,0.569877517
33,0.849314302
33,0.786639947
33,0.627517939
33,0.747906023
33,0.603862083
33,0.670723838
33,0.663215864
33,0.564029813
33,0.650443447
33,0.667411011
34,0.691906267
34,1.016868997
34,0.715937167
34,0.66328938
34,1.001719612
34,0.736067927
34,0.60047524
34,0.997903889
34,0.677213967
34,0.799210244
34,0.579187161
34,0.705864692
34,0.890909201
34,0.702089
34,0.601095521
34,0.589092964
34,0.813131255
34,0.748653227
34,0.79998365
34,0.645503479
34,0.737935811
34,0.980734164
34,0.688157672
34,0.631431174
34,0.630018342
34,0.96343019
34,0.611667627
34,0.656417847
34,0.563982528
34,0.574816483
34,0.55863443
34,0.60193572
34,0.613512945
34,0.580180329
34,1.004109132
34,0.652371985
34,0.657691735
34,0.958023673
34,0.771036994
34,0.566696018
34,0.862106723
34,0.760487068
34,0.641849351
34,0.745065206
34,0.597412103
34,0.665548676
34,0.668924224
34,0.570410734
34,0.657124668
34,0.672481418
35,0.704768336
35,1.031298453
35,0.707031327
35,0.661279279
35,0.994097924
35,0.720588917
35,0.612041163
35,0.97735675
35,0.709171921
35,0.793588746
35,0.578130144
35,0.721165144
35,0.839971983
35,0.69105128
35,0.613521737
35,0.583195508
35,0.824408972
35,0.742080224
35,0.816329861
35,0.652128947
35,0.747367913
35,0.942228615
35,0.711402816
35,0.620058703
35,0.642096418
35,0.962227553
35,0.602656716
35,0.691702396
35,0.582520097
35,0.591691673
35,0.557931006
35,0.600351256
35,0.601259726
35,0.586816132
35,1.02524296
35,0.65533849
35,0.635634977
35,0.976584423
35,0.780841285
35,0.56826815
35,0.864160264
35,0.760772753
35,0.618888026
35,0.720142841
35,0.600712216
35,0.669038761
35,0.65214681
35,0.570882869
35,0.647415489
35,0.715994483
36,0.706699866
36,0.989227563
36,0.705913234
36,0.65737673
36,0.958245838
36,0.746357948
36,0.620077735
36,0.971580577
36,0.703689831
36,0.803025657
36,0.583168983
36,0.719728714
36,0.850221598
36,0.715909368
36,0.626101559
36,0.585873431
36,0.820747042
36,0.735767943
36,0.792453766
36,0.642003757
36,0.742819262
36,0.953015339
36,0.686473966
36,0.62394709
36,0.628958291
36,0.934376603
36,0.635409284
36,0.68144604
36,0.570435643
36,0.567813206
36,0.570527738
36,0.60827986
36,0.619734991
36,0.589571548
36,1.02480278
36,0.653877521
36,0.658358735
36,0.959358925
36,0.790224594
36,0.573421615
36,0.847035134
36,0.756266493
36,0.623011076
36,0.747343355
36,0.608748811
36,0.69794606
36,0.667559081
36,0.589713866
36,0.663472384
36,0.672014743
37,0.685533422
37,1.001833051
37,0.696839952
37,0.663153648
37,0.9621059
37,0.755879927
37,0.612201947
37,0.980881578
37,0.678145027
37,0.772308999
37,0.5824489
37,0.719109648
37,0.835437202
37,0.690697247
37,0.623772323
37,0.575379997
37,0.818030101
37,0.73281523
37,0.786460423
37,0.640667582
37,0.740806073
37,0.954401988
37,0.701372862
37,0.634136492
37,0.654940534
37,0.910628742
37,0.620291877
37,0.682144493
37,0.590929306
37,0.566315192
37,0.558296716
37,0.62113837
37,0.611796135
37,0.586559951
37,0.976168668
37,0.669256908
37,0.652623934
37,0.944383472
37,0.781982386
37,0.575883746
37,0.850007921
37,0.772471696
37,0.620296001
37,0.739231712
37,0.601684868
37,0.680856651
37,0.657588333
37,0.581170988
37,0.641268682
37,0.668379998
38,0.692394561
38,1.039936829
38,0.740352225
38,0.650040966
38,0.963457012
38,0.736245763
38,0.601230681
38,1.001400506
38,0.703150755
38,0.804505855
38,0.57931872
38,0.723314553
38,0.842791998
38,0.693648851
38,0.622241062
38,0.588654929
38,0.863632166
38,0.73641904
38,0.828231412
38,0.644993305
38,0.744607782
38,0.968300873
38,0.685813206
38,0.629272318
38,0.65279001
38,1.000361258
38,0.607074475
38,0.67310679
38,0.576393533
38,0.571979868
38,0.56488331
38,0.605026513
38,0.614183968
38,0.583168596
38,1.005276513
38,0.655374545
38,0.651013428
38,0.984897977
38,0.768994302
38,0.566328096
38,0.84491843
38,0.759299445
38,0.621044844
38,0.743150288
38,0.605027294
38,0.682989097
38,0.663089734
38,0.555262733
38,0.657676458
38,0.693010759
39,0.69757393
39,0.993478107
39,0.723038304
39,0.645312142
39,0.957391423
39,0.732368064
39,0.605403286
39,0.960097718
39,0.699777782
39,0.812494862
39,0.582903165
39,0.720175916
39,0.848398477
39,0.691440493
39,0.613455755
39,0.580001855
39,0.788413733
39,0.745272249
39,0.801635683
39,0.669648361
39,0.758344591
39,0.959514338
39,0.690855992
39,0.621474218
39,0.637269956
39,0.928570068
39,0.629873997
39,0.681762391
39,0.584937781
39,0.58654719
39,0.56735183
39,0.601798129
39,0.627300024
39,0.583637154
39,0.990797389
39,0.655607712
39,0.645723969
39,0.971404052
39,0.775395685
39,0.567980278
39,0.846036685
39,0.755460763
39,0.617017096
39,0.722444248
39,0.600840873
39,0.675834614
39,0.682974267
39,0.573387277
39,0.644733554
39,0.695029706
40,0.705516535
40,0.995648366
40,0.714409649
40,0.678528678
40,0.9687877
40,0.736120373
40,0.621209216
40,0.990911597
40,0.684122241
40,0.771265
40,0.585102594
40,0.711704379
40,0.843818337
40,0.699161422
40,0.61910072
40,0.583251548
40,0.789426327
40,0.761216956
40,0.778314561
40,0.628917623
40,0.75032115
40,0.942665482
40,0.698954284
40,0.644407165
40,0.62370165
40,0.904432255
40,0.611974132
40,0.656082404
40,0.593431324
40,0.587460738
40,0.572385865
40,0.616053498
40,0.614513892
40,0.585333961
40,0.986498106
40,0.653586125
40,0.656503445
40,0.911042631
40,0.760205597
40,0.579893351
40,0.845805711
40,0.758957994
40,0.627366197
40,0.721780956
40,0.607660544
40,0.674702609
40,0.667396128
40,0.578797901
40,0.663448524
40,0.682599461
41,0.673462349
41,0.989296287
41,0.689282519
41,0.662420684
41,0.950347018
41,0.730482721
41,0.615541768
41,0.953851438
41,0.661724126
41,0.790308124
41,0.586171001
41,0.729402369
41,0.845744002
41,0.680562991
41,0.617774183
41,0.583148569
41,0.810600293
41,0.743839538
41,0.789781421
41,0.647985095
41,0.746977383
41,0.947636706
41,0.692365134
41,0.640378034
41,0.617251289
41,0.992882836
41,0.619192946
41,0.671951133
41,0.601957762
41,0.577266216
41,0.568900663
41,0.604795712
41,0.620187503
41,0.592123705
41,0.993969274
41,0.669933468
41,0.650556207
41,0.971415675
41,0.770138443
41,0.569956428
41,0.850695789
41,0.768142575
41,0.651830447
41,0.739069438
41,0.606834304
41,0.66697706
41,0.649655622
41,0.58679437
41,0.653413743
41,0.684238827
42,0.715770024
42,1.006443393
42,0.704105949
42,0.663333482
42,0.974414271
42,0.748286456
42,0.621499801
42,0.966299838
42,0.692339462
42,0.783619136
42,0.587338334
42,0.705981857
42,0.856514704
42,0.7014162
42,0.615260673
42,0.584199667
42,0.838335705
42,0.740836018
42,0.809370232
42,0.633974451
42,0.754122597
42,0.952973247
42,0.700614524
42,0.628413796
42,0.655197513
42,0.937435603
42,0.624601924
42,0.658841032
42,0.595256019
42,0.582772255
42,0.577700382
42,0.607601142
42,0.624313802
42,0.586453313
42,0.992711467
42,0.66275484
42,0.646630967
42,0.977892882
42,0.759654576
42,0.579367441
42,0.891509444
42,0.765545875
42,0.628599966
42,0.722949171
42,0.607543653
42,0.681497586
42,0.658220673
42,0.573797631
42,0.660755616
42,0.682104826
43,0.68406772
43,1.000202763
43,0.723973459
43,0.669829744
43,0.952317035
43,0.756705832
43,0.634568214
43,0.958682734
43,0.663686794
43,0.793336868
43,0.594456309
43,0.719339323
43,0.83089782
43,0.702570343
43,0.626733601
43,0.575263882
43,0.809627301
43,0.735450995
43,0.782480878
43,0.655233395
43,0.758208549
43,0.944560343
43,0.688330996
43,0.628177899
43,0.646860808
43,0.943822908
43,0.632940036
43,0.670863962
43,0.598349321
43,0.59595561
43,0.576348966
43,0.619860649
43,0.616798234
43,0.602041048
43,0.994266856
43,0.657836992
43,0.682072675
43,0.947803092
43,0.785061562
43,0.583236605
43,0.848309404
43,0.758465284
43,0.637694228
43,0.725898194
43,0.623269427
43,0.670286596
43,0.657483399
43,0.573960078
43,0.683398062
43,0.70630523
44,0.690898198
44,0.995066792
44,0.719729429
44,0.66465764
44,0.945169467
44,0.738287562
44,0.614814651
44,0.970033741
44,0.679931021
44,0.793456024
44,0.591735739
44,0.731150395
44,0.854536688
44,0.693166292
44,0.631736231
44,0.579689056
44,0.828303742
44,0.745684707
44,0.793177533
44,0.659631407
44,0.745164257
44,0.935262549
44,0.712075371
44,0.638173485
44,0.627259088
44,0.924272972
44,0.621692777
44,0.674561983
44,0.609101731
44,0.589552814
44,0.57830022
44,0.612178671
44,0.642833495
44,0.591943955
44,0.962638366
44,0.676336437
44,0.664792496
44,0.937959188
44,0.765973091
44,0.580046564
44,0.845070052
44,0.760483146
44,0.634769845
44,0.750529754
44,0.614794624
44,0.691099828
44,0.670615983
44,0.576615727
44,0.648505276
44,0.684058803
45,0.700490177
45,0.97861712
45,0.720852387
45,0.666664517
45,0.9630108
45,0.718335271
45,0.621421522
45,0.916462642
45,0.703779036
45,0.794123518
45,0.589097428
45,0.721318108
45,0.821075094
45,0.709238648
45,0.634658355
45,0.579205304
45,0.812539405
45,0.743611562
45,0.797204185
45,0.663830841
45,0.765977663
45,0.942118698
45,0.697434992
45,0.635461658
45,0.640962499
45,0.93801403
45,0.642039979
45,0.688629502
45,0.593272167
45,0.58361119
45,0.574173135
45,0.606000251
45,0.629388577
45,0.603012663
45,0.972860384
45,0.678150105
45,0.656521738
45,0.966597688
45,0.77218312
45,0.591003847
45,0.867486918
45,0.763529378
45,0.630394
45,0.713527632
45,0.615620553
45,0.681478715
45,0.65289799
45,0.591391277
45,0.655562246
45,0.667253691
46,0.721545565
46,1.016064268
46,0.736223471
46,0.678379798
46,0.916782779
46,0.742791373
46,0.62221874
46,0.910748821
46,0.643931317
46,0.783335346
46,0.592593199
46,0.737851554
46,0.832190996
46,0.688469595
46,0.63543011
46,0.579439789
46,0.790133625
46,0.747846776
46,0.789123017
46,0.6491503
46,0.748424858
46,0.93789748
46,0.69554342
46,0.647120041
46,0.632405823
46,0.942895275
46,0.619353598
46,0.67932806
46,0.603713036
46,0.597019023
46,0.574198693
46,0.618416375
46,0.61335445
46,0.59493469
46,0.941733199
46,0.679142082
46,0.650574249
46,0.931622583
46,0.782972467
46,0.581538486
46,0.84581793
46,0.768205971
46,0.636699414
46,0.725456733
46,0.612082922
46,0.681700897
46,0.674494147
46,0.580791467
46,0.651234508
46,0.671785814
47,0.690095651
47,0.989378953
47,0.696228617
47,0.665084612
47,0.947355247
47,0.729851317
47,0.617065006
47,0.973328882
47,0.67437374
47,0.797397327
47,0.592316055
47,0.71133666
47,0.828615564
47,0.692525852
47,0.615449089
47,0.581129962
47,0.808268672
47,0.751778263
47,0.809886432
47,0.657543576
47,0.739082009
47,0.959669983
47,0.691850948
47,0.649330968
47,0.6384893
47,0.915833223
47,0.626935047
47,0.658550763
47,0.615247923
47,0.577340025
47,0.576201445
47,0.616247082
47,0.627172112
47,0.600214928
47,0.982475185
47,0.658473468
47,0.662470251
47,0.98117696
47,0.771355832
47,0.585486513
47,0.852334344
47,0.76071431
47,0.618691254
47,0.730547625
47,0.616961896
47,0.676921773
47,0.685899317
47,0.579194629
47,0.663198227
47,0.699747401
48,0.675033897
48,0.980423552
48,0.694021297
48,0.685555422
48,0.891241527
48,0.749380201
48,0.636180794
48,0.924121273
48,0.689819622
48,0.779320157
48,0.606370586
48,0.720415193
48,0.820306575
48,0.720939189
48,0.624102062
48,0.594214624
48,0.797155315
48,0.716382438
48,0.770967793
48,0.641232085
48,0.739991075
48,0.914016509
48,0.704931229
48,0.621153742
48,0.636171442
48,0.920435411
48,0.627457219
48,0.666665906
48,0.617414707
48,0.613724995
48,0.586580878
48,0.638246673
48,0.619390911
48,0.600754851
48,0.932541269
48,0.666716689
48,0.656933004
48,0.916991061
48,0.784260714
48,0.589357668
48,0.834017485
48,0.758236212
48,0.61782195
48,0.703687519
48,0.621694708
48,0.68458181
48,0.671245384
48,0.591941279
48,0.658819723
48,0.68195892
49,0.699060798
49,0.996804094
49,0.730745751
49,0.663275576
49,0.920685911
49,0.763166624
49,0.627769327
49,0.971959502
49,0.676372939
49,0.796831709
49,0.597136772
49,0.723269892
49,0.799240321
49,0.694627231
49,0.623697412
49,0.608967787
49,0.813328415
49,0.737367231
49,0.8073286
49,0.645471978
49,0.742845285
49,0.927041084
49,0.701319605
49,0.648960125
49,0.655754161
49,0.907750833
49,0.632004982
49,0.676618969
49,0.601771671
49,0.575448298
49,0.573913288
49,0.61558882
49,0.625472736
49,0.606228626
49,0.984858525
49,0.655267853
49,0.654362953
49,0.919473928
49,0.783131987
49,0.585938197
49,0.842493975
49,0.75897432
49,0.630326396
49,0.756129885
49,0.619548708
49,0.682456088
49,0.681264609
49,0.586139053
49,0.680262792
49,0.695836061
50,0.712526459
50,0.99332673
50,0.704613161
50,0.653417736
50,0.962720948
50,0.743659264
50,0.643494695
50,0.96401186
50,0.686585033
50,0.81286999
50,0.598240674
50,0.713278741
50,0.827229345
50,0.713327354
50,0.610911584
50,0.588553637
50,0.784078085
50,0.739264756
50,0.799477696
50,0.652195096
50,0.747421676
50,0.941473305
50,0.701323324
50,0.658850384
50,0.625788027
50,0.91421898
50,0.634519827
50,0.687779897
50,0.611565745
50,0.606519949
50,0.580020183
50,0.620357865
50,0.627778602
50,0.599316603
50,0.959872031
50,0.637332797
50,0.65563966
50,0.943317473
50,0.776553893
50,0.585533118
50,0.854461884
50,0.761161298
50,0.63004396
50,0.725631231
50,0.618940365
50,0.675364161
50,0.67110638
50,0.587880933
50,0.651318598
50,0.695207417
51,0.705663729
51,0.977865732
51,0.706006074
51,0.688590783
51,0.96547575
51,0.732021451
51,0.628788042
51,0.971319079
51,0.668243051
51,0.783931589
51,0.593089318
51,0.723475039
51,0.834354484
51,0.727071989
51,0.619306749
51,0.583004659
51,0.808990192
51,0.737709147
51,0.800612736
51,0.660452563
51,0.751271474
51,0.95599001
51,0.70971238
51,0.633494616
51,0.646069968
51,0.913665164
51,0.635248905
51,0.66789611
51,0.610489446
51,0.581530476
51,0.584419543
51,0.609933841
51,0.624430907
51,0.604772103
51,0.981044662
51,0.675938791
51,0.653979945
51,0.931892359
51,0.779477483
51,0.58761602
51,0.854323757
51,0.769751334
51,0.642412895
51,0.755472237
51,0.618020815
51,0.68283273
51,0.664838594
51,0.584816009
51,0.639816064
51,0.713909072
52,0.687617105
52,0.95608902
52,0.706195009
52,0.686427712
52,0.892013276
52,0.730943
52,0.626921058
52,0.951800859
52,0.684866434
52,0.784969497
52,0.600856555
52,0.695652062
52,0.812451583
52,0.707849568
52,0.633617884
52,0.599950778
52,0.788781828
52,0.743034005
52,0.783144498
52,0.64780724
52,0.75600189
52,0.909206229
52,0.714515316
52,0.657094431
52,0.662794054
52,0.903976494
52,0.638822252
52,0.665562838
52,0.6063784
52,0.611927164
52,0.588594717
52,0.623438221
52,0.616198671
52,0.611192232
52,0.923913378
52,0.700731498
52,0.643959731
52,0.915706408
52,0.786895049
52,0.598100424
52,0.834877324
52,0.765992361
52,0.630185574
52,0.715839058
52,0.628800625
52,0.685969883
52,0.678990012
52,0.592725044
52,0.66095103
52,0.679410499
53,0.680140728
53,0.976920491
53,0.721601301
53,0.677100354
53,0.970826918
53,0.735596579
53,0.618480563
53,0.948016912
53,0.687863678
53,0.800945991
53,0.600929588
53,0.716575497
53,0.846596915
53,0.699181908
53,0.629646003
53,0.596841764
53,0.833982807
53,0.736243218
53,0.779565305
53,0.650040972
53,0.748148805
53,0.931836301
53,0.71095379
53,0.639219195
53,0.662415761
53,0.934361994
53,0.62955122
53,0.662443906
53,0.605175012
53,0.596052265
53,0.592424893
53,0.618622357
53,0.62237789
53,0.605652481
53,0.965951538
53,0.664168262
53,0.671505225
53,0.962521994
53,0.762758553
53,0.592155242
53,0.851858068
53,0.765857893
53,0.644354421
53,0.709489167
53,0.619948149
53,0.69943428
53,0.669523638
53,0.591621029
53,0.661210263
53,0.709907424
54,0.684739429
54,1.003813595
54,0.719042951
54,0.67241137
54,0.951147127
54,0.750032949
54,0.620342469
54,0.941504717
54,0.669645041
54,0.787712401
54,0.601005584
54,0.735562259
54,0.815857035
54,0.700160915
54,0.628532505
54,0.60461365
54,0.81954354
54,0.734046161
54,0.789497197
54,0.67840184
54,0.746742696
54,0.927273232
54,0.702521181
54,0.6469037
54,0.668698281
54,0.955922371
54,0.626862597
54,0.655937719
54,0.60792954
54,0.597748256
54,0.58034296
54,0.605700248
54,0.632330775
54,0.600910151
54,0.97872563
54,0.652667284
54,0.650392908
54,0.927144086
54,0.777491224
54,0.590052736
54,0.84191885
54,0.757379651
54,0.630621266
54,0.72079193
54,0.619351512
54,0.672471106
54,0.685446143
54,0.59039942
54,0.659373003
54,0.655678266
55,0.711792243
55,0.974157441
55,0.712495023
55,0.685247558
55,0.906658047
55,0.756666297
55,0.619954735
55,0.948931181
55,0.684868991
55,0.795932341
55,0.603806335
55,0.734138829
55,0.819476557
55,0.72055124
55,0.639037567
55,0.592362982
55,0.815223587
55,0.735271931
55,0.769813198
55,0.649815732
55,0.747059381
55,0.91234622
55,0.704518437
55,0.648990816
55,0.638543719
55,0.906120163
55,0.627775437
55,0.674770367
55,0.605374432
55,0.590191829
55,0.591423899
55,0.623847884
55,0.633315551
55,0.604312986
55,0.962621522
55,0.667421705
55,0.666123497
55,0.927877384
55,0.779772097
55,0.596180552
55,0.84587003
55,0.773168832
55,0.626133788
55,0.720021021
55,0.624783695
55,0.711784065
55,0.686625922
55,0.604684734
55,0.689115632
55,0.666452783
56,0.681783432
56,0.973489189
56,0.716089958
56,0.694418502
56,0.932171428
56,0.737873757
56,0.63127833
56,0.897952902
56,0.689773464
56,0.76653856
56,0.605071568
56,0.72789529
56,0.813749778
56,0.7307899
56,0.629427576
56,0.609576195
56,0.794118947
56,0.72064743
56,0.783623582
56,0.637526029
56,0.730829465
56,0.909748453
56,0.7067487
56,0.653439355
56,0.60345645
56,0.901503003
56,0.645825464
56,0.662060517
56,0.621404314
56,0.598509353
56,0.586068511
56,0.630996054
56,0.622952574
56,0.609924155
56,0.950149828
56,0.663920814
56,0.682285869
56,0.943387836
56,0.791974396
56,0.599009234
56,0.82680797
56,0.762624574
56,0.641271669
56,0.743701494
56,0.628424382
56,0.682465637
56,0.683897322
56,0.610869437
56,0.701434368
56,0.671293843
57,0.70865404
57,0.989770281
57,0.719086683
57,0.663864195
57,0.900952041
57,0.717365062
57,0.629580551
57,0.99786889
57,0.677622581
57,0.784463245
57,0.600118417
57,0.726921993
57,0.809687239
57,0.704243779
57,0.63208726
57,0.592144495
57,0.80757494
57,0.750187367
57,0.798928159
57,0.680198556
57,0.755725318
57,0.936120862
57,0.714387238
57,0.62991876
57,0.654400074
57,0.934959263
57,0.630868018
57,0.679446918
57,0.597512633
57,0.583041584
57,0.591313064
57,0.624187553
57,0.62896769
57,0.602146304
57,1.010272664
57,0.659245139
57,0.657092428
57,0.965126771
57,0.774873877
57,0.593400419
57,0.859965783
57,0.75905183
57,0.659184051
57,0.716207254
57,0.621323586
57,0.701402903
57,0.669777256
57,0.602960128
57,0.66661287
57,0.67138446
58,0.69701187
58,0.955947447
58,0.698310477
58,0.680538392
58,0.895759791
58,0.763643885
58,0.6148018
58,0.944777638
58,0.687074
58,0.772397602
58,0.606615472
58,0.705558825
58,0.863419986
58,0.709503627
58,0.620979428
58,0.62550441
58,0.816657662
58,0.727710336
58,0.796969992
58,0.665766674
58,0.744059074
58,0.918285763
58,0.692654532
58,0.656583905
58,0.660338831
58,0.931262982
58,0.629320335
58,0.686105257
58,0.602427477
58,0.612129027
58,0.588921583
58,0.616053861
58,0.640878308
58,0.613678187
58,0.929209554
58,0.692912954
58,0.664782435
58,0.937469679
58,0.76811524
58,0.592555875
58,0.848666358
58,0.758992833
58,0.649644214
58,0.729346102
58,0.623965955
58,0.666290247
58,0.68767584
58,0.601038122
58,0.657671094
58,0.705156469
59,0.701966
59,0.959008896
59,0.709124237
59,0.663246769
59,0.934054381
59,0.727865034
59,0.626028478
59,0.942074418
59,0.687100732
59,0.786752528
59,0.602553415
59,0.7363388
59,0.850294089
59,0.708894062
59,0.619914365
59,0.596359205
59,0.785630774
59,0.748824811
59,0.775521362
59,0.66627664
59,0.748049152
59,0.929066056
59,0.717786765
59,0.640541577
59,0.651356667
59,0.92412585
59,0.628508765
59,0.659232014
59,0.612025529
59,0.596384436
59,0.592771125
59,0.624307501
59,0.638108557
59,0.607093698
59,0.930400634
59,0.697468197
59,0.655242729
59,0.940418762
59,0.767913753
59,0.597158855
59,0.866011775
59,0.757182235
59,0.638383669
59,0.712760162
59,0.625212198
59,0.69612025
59,0.67496081
59,0.594640839
59,0.670284432
59,0.680643213
60,0.708599877
60,0.945211464
60,0.690540826
60,0.682081306
60,0.896987808
60,0.751067948
60,0.629073673
60,0.927508867
60,0.707295495
60,0.772125536
60,0.612122172
60,0.718855971
60,0.82535454
60,0.701338863
60,0.625213444
60,0.61058858
60,0.813887012
60,0.732950234
60,0.790463191
60,0.65622825
60,0.754651117
60,0.907549679
60,0.699439901
60,0.663808298
60,0.636167991
60,0.924350029
60,0.64712503
60,0.670113641
60,0.625747931
60,0.614518505
60,0.589664084
60,0.642154306
60,0.636023539
60,0.616551286
60,0.90858146
60,0.675105917
60,0.67804724
60,0.908736759
60,0.775257009
60,0.601059014
60,0.816782802
60,0.76004833
60,0.65171032
60,0.7398579
60,0.634628195
60,0.659377956
60,0.677448821
60,0.60982756
60,0.669744074
60,0.674181461
61,0.696112537
61,0.986259466
61,0.720785236
61,0.679474771
61,0.911955738
61,0.733880317
61,0.62811954
61,0.958285248
61,0.662378871
61,0.792712909
61,0.608185518
61,0.735862404
61,0.810384208
61,0.718325442
61,0.634900182
61,0.618435359
61,0.801722705
61,0.755980372
61,0.799988574
61,0.663451868
61,0.741847324
61,0.922568905
61,0.711787462
61,0.657270825
61,0.659145284
61,0.922645861
61,0.635055202
61,0.687122673
61,0.612521183
61,0.605413812
61,0.595375198
61,0.637515783
61,0.63351109
61,0.617341137
61,0.958109993
61,0.697814113
61,0.664613438
61,0.945122528
61,0.78604635
61,0.59759202
61,0.848160315
61,0.778379196
61,0.650782597
61,0.737074327
61,0.633301038
61,0.691391599
61,0.672607803
61,0.603070223
61,0.665470958
61,0.684303224
62,0.697210485
62,0.962078172
62,0.725653082
62,0.691308194
62,0.909252667
62,0.743884081
62,0.644458038
62,0.907058609
62,0.684767872
62,0.768394125
62,0.608649433
62,0.735347623
62,0.846828187
62,0.712868321
62,0.635980451
62,0.614912909
62,0.808410227
62,0.732701689
62,0.789935619
62,0.660513836
62,0.754642177
62,0.915311468
62,0.703791916
62,0.659983778
62,0.65512957
62,0.932217824
62,0.65499115
62,0.677602601
62,0.626780105
62,0.612682945
62,0.5907336
62,0.629017091
62,0.643941277
62,0.612843454
62,0.930663872
62,0.667884159
62,0.665115029
62,0.927913451
62,0.784376633
62,0.600310659
62,0.855846429
62,0.764679956
62,0.645127094
62,0.727949816
62,0.633432955
62,0.69891091
62,0.677363908
62,0.600521457
62,0.67610212
62,0.715125585
63,0.715335453
63,0.982265365
63,0.719463879
63,0.690703011
63,0.929081255
63,0.764005834
63,0.641731524
63,0.922272551
63,0.688045549
63,0.780172694
63,0.612768501
63,0.734546411
63,0.826724505
63,0.716225034
63,0.637139046
63,0.617019439
63,0.793697959
63,0.730532265
63,0.792149264
63,0.67060172
63,0.736616874
63,0.904595476
63,0.709947103
63,0.668974954
63,0.656344229
63,0.862669057
63,0.62935704
63,0.682840294
63,0.621448338
63,0.609124607
63,0.595516229
63,0.622531176
63,0.644511431
63,0.615936714
63,0.928389722
63,0.726647186
63,0.684675592
63,0.939441389
63,0.789531767
63,0.601337832
63,0.832630002
63,0.770423353
63,0.632608664
63,0.698853803
63,0.632387829
63,0.670432347
63,0.666456997
63,0.606818694
63,0.68538155
63,0.692141658
64,0.695913565
64,0.963359308
64,0.699628204
64,0.684180105
64,0.920847505
64,0.738626343
64,0.641638035
64,0.931203061
64,0.694937962
64,0.793632436
64,0.616120636
64,0.730320603
64,0.813157785
64,0.723855513
64,0.645158952
64,0.635364187
64,0.780712658
64,0.737571317
64,0.79636991
64,0.669397748
64,0.73912499
64,0.923547691
64,0.684947729
64,0.653889102
64,0.628733867
64,0.863612932
64,0.633373743
64,0.69533608
64,0.609597868
64,0.613218361
64,0.589661622
64,0.626871365
64,0.634221649
64,0.622705287
64,0.925211179
64,0.682942754
64,0.662238455
64,0.941249371
64,0.785950875
64,0.599494129
64,0.832222021
64,0.765810877
64,0.650926822
64,0.739409864
64,0.632606262
64,0.673555738
64,0.68225202
64,0.60202387
64,0.668399966
64,0.692122251
65,0.697851062
65,0.948271084
65,0.695625407
65,0.69526394
65,0.920604253
65,0.737792474
65,0.641006559
65,0.92539463
65,0.7056925
65,0.761921507
65,0.618127799
65,0.740929604
65,0.814405757
65,0.716953146
65,0.625468922
65,0.620182973
65,0.799047786
65,0.740251952
65,0.793242168
65,0.665557539
65,0.744381917
65,0.923105627
65,0.704342782
65,0.66704675
65,0.639110225
65,0.905110383
65,0.639140844
65,0.696373171
65,0.623102313
65,0.613699812
65,0.592814511
65,0.627533847
65,0.622068471
65,0.619801545
65,0.923762369
65,0.698917967
65,0.678224385
65,0.916324919
65,0.781308782
65,0.61346727
65,0.839241916
65,0.765290838
65,0.64233678
65,0.745435691
65,0.637574989
65,0.680632287
65,0.671755636
65,0.595619226
65,0.683987105
65,0.691022789
66,0.715091658
66,0.984849644
66,0.709806001
66,0.679927272
66,0.907474142
66,0.744214529
66,0.605998659
66,0.911307424
66,0.694082785
66,0.793233484
66,0.611717087
66,0.722305161
66,0.811109817
66,0.707811922
66,0.638562912
66,0.609642065
66,0.805325949
66,0.75375731
66,0.79617036
66,0.671788079
66,0.749414581
66,0.927401567
66,0.702805483
66,0.628173333
66,0.645743114
66,0.904905683
66,0.643757063
66,0.68300947
66,0.611262608
66,0.60184738
66,0.593756294
66,0.635328668
66,0.647816366
66,0.606293797
66,0.94244644
66,0.697849327
66,0.680235201
66,0.949477249
66,0.791644073
66,0.606895602
66,0.852685243
66,0.765837282
66,0.646444851
66,0.747383296
66,0.633107948
66,0.694301206
66,0.672131813
66,0.602770269
66,0.661863178
66,0.689895874
67,0.70022276
67,0.967202652
67,0.720317054
67,0.680182546
67,0.9135638
67,0.755340207
67,0.634110767
67,0.920258987
67,0.70901134
67,0.78808164
67,0.609545487
67,0.716287148
67,0.813569039
67,0.711278397
67,0.640353382
67,0.591707397
67,0.816039938
67,0.73775056
67,0.8148359
67,0.670388222
67,0.757207406
67,0.91141237
67,0.695436412
67,0.657949382
67,0.645555699
67,0.913606572
67,0.636462981
67,0.687591887
67,0.629427278
67,0.610225481
67,0.597561997
67,0.626949853
67,0.63931188
67,0.617936313
67,0.964124173
67,0.677011997
67,0.669052106
67,0.935689813
67,0.79224025
67,0.603075242
67,0.85794856
67,0.769565839
67,0.6588323
67,0.73446883
67,0.633456469
67,0.676091534
67,0.678361237
67,0.61053884
67,0.670840991
67,0.682722902
68,0.696375549
68,0.965506637
68,0.708317214
68,0.673406476
68,0.912540162
68,0.756413978
68,0.640785271
68,0.917700201
68,0.68022356
68,0.783403254
68,0.619433975
68,0.745042449
68,0.820555818
68,0.707169491
68,0.654605478
68,0.616220015
68,0.818998605
68,0.746985739
68,0.785252315
68,0.666133797
68,0.749580985
68,0.916367763
68,0.711726761
68,0.642953801
68,0.645867616
68,0.907417488
68,0.643030822
68,0.678094107
68,0.631042522
68,0.617093349
68,0.596836406
68,0.642029095
68,0.648942518
68,0.632055324
68,0.979205489
68,0.706857967
68,0.674110937
68,0.908131856
68,0.787719905
68,0.608401591
68,0.834532982
68,0.764517444
68,0.642891413
68,0.714193678
68,0.637388265
68,0.696061403
68,0.681606483
68,0.619225788
68,0.684713644
68,0.68242721
69,0.709074742
69,0.963335586
69,0.729927325
69,0.684933436
69,0.932445365
69,0.744366688
69,0.637991726
69,0.9525033
69,0.694229293
69,0.789086878
69,0.61716578
69,0.725872344
69,0.815861368
69,0.716091502
69,0.634399211
69,0.603833675
69,0.818477523
69,0.740903616
69,0.781840777
69,0.674343687
69,0.751479346
69,0.938314521
69,0.729097497
69,0.657823306
69,0.658549505
69,0.920757008
69,0.634343427
69,0.679573226
69,0.616770953
69,0.608258718
69,0.600932604
69,0.613947386
69,0.640935504
69,0.620196235
69,0.957103449
69,0.662821811
69,0.684133112
69,0.947307914
69,0.787061822
69,0.608337694
69,0.849492693
69,0.768218899
69,0.655317485
69,0.730505902
69,0.633121413
69,0.686858755
69,0.692459613
69,0.60924176
69,0.685240185
69,0.700468653
70,0.676817507
70,0.92874983
70,0.718464005
70,0.693987781
70,0.879774135
70,0.769647175
70,0.664651585
70,0.936189777
70,0.689951968
70,0.77918312
70,0.617254752
70,0.718816191
70,0.829032844
70,0.728017277
70,0.635467404
70,0.61806792
70,0.794870794
70,0.746062672
70,0.795857614
70,0.669812417
70,0.743897659
70,0.904722703
70,0.717696309
70,0.683273876
70,0.676876009
70,0.918216079
70,0.648621207
70,0.681693649
70,0.629429096
70,0.61559667
70,0.603351927
70,0.628647727
70,0.631360149
70,0.624872679
70,0.941708606
70,0.670236427
70,0.675693572
70,0.901932406
70,0.801974362
70,0.614847803
70,0.81446749
70,0.776357871
70,0.648222774
70,0.720946193
70,0.642429167
70,0.703786761
70,0.680308634
70,0.615522534
70,0.682365376
70,0.683239913
71,0.717292076
71,0.961018938
71,0.716129088
71,0.684329247
71,0.907345533
71,0.740269047
71,0.655814886
71,0.914709508
71,0.702972841
71,0.784731227
71,0.620095122
71,0.720859051
71,0.804897392
71,0.709355932
71,0.650620866
71,0.619620556
71,0.806897855
71,0.74956935
71,0.784811521
71,0.677680463
71,0.752733743
71,0.903774488
71,0.709389448
71,0.671900284
71,0.662053877
71,0.922198272
71,0.650672799
71,0.700402677
71,0.618367028
71,0.606553268
71,0.607801449
71,0.638755161
71,0.641116333
71,0.617306012
71,0.934979749
71,0.679969668
71,0.671456105
71,0.946657747
71,0.77404781
71,0.611897373
71,0.845144695
71,0.76089952
71,0.678062695
71,0.744317132
71,0.638820785
71,0.679745972
71,0.666924226
71,0.603887355
71,0.666897929
71,0.679017204
72,0.68878876
72,0.955664331
72,0.717891055
72,0.678745902
72,0.898827547
72,0.750192761
72,0.639829218
72,0.931362379
72,0.688577539
72,0.768052882
72,0.620595974
72,0.723262531
72,0.813772559
72,0.731457394
72,0.640692866
72,0.626244587
72,0.796746433
72,0.743402922
72,0.771000439
72,0.666613495
72,0.752472991
72,0.89219619
72,0.694665962
72,0.663256627
72,0.639943081
72,0.918272161
72,0.666041005
72,0.684066188
72,0.629244125
72,0.617137754
72,0.607575512
72,0.645837003
72,0.636342043
72,0.62818746
72,0.929104626
72,0.665288943
72,0.674987608
72,0.907663685
72,0.792281401
72,0.61729238
72,0.841535926
72,0.769582945
72,0.647868919
72,0.736784357
72,0.645076418
72,0.683911073
72,0.688882351
72,0.617651033
72,0.666961867
72,0.710969025
73,0.718198687
73,0.917410892
73,0.720618522
73,0.701488155
73,0.915815341
73,0.772267598
73,0.644247597
73,0.882155854
73,0.660478556
73,0.782807589
73,0.622458339
73,0.730111307
73,0.814961374
73,0.725216085
73,0.650454414
73,0.628790045
73,0.809190685
73,0.728658354
73,0.77973457
73,0.671472269
73,0.758622378
73,0.897900784
73,0.727005738
73,0.673696142
73,0.673169738
73,0.897701812
73,0.651022577
73,0.724946886
73,0.63713969
73,0.619347817
73,0.608421588
73,0.643001527
73,0.655759901
73,0.624958074
73,0.94225533
73,0.702139157
73,0.667136264
73,0.902440751
73,0.790987509
73,0.611186182
73,0.82502951
73,0.773803359
73,0.659058625
73,0.745211178
73,0.647818583
73,0.704623413
73,0.679720426
73,0.629624391
73,0.677140868
73,0.700254738
74,0.723956746
74,0.970384413
74,0.727228725
74,0.68388831
74,0.919707084
74,0.73123036
74,0.631514776
74,0.920095825
74,0.697271162
74,0.791726923
74,0.618927246
74,0.724291998
74,0.812759602
74,0.704285151
74,0.638711131
74,0.630551499
74,0.779331869
74,0.766764909
74,0.817845517
74,0.677728134
74,0.758245587
74,0.922345155
74,0.701329613
74,0.65726282
74,0.682405692
74,0.950964111
74,0.637563705
74,0.696218759
74,0.616586274
74,0.620815903
74,0.607654643
74,0.631889099
74,0.641707766
74,0.618785477
74,0.956835294
74,0.679974318
74,0.676621956
74,0.921134454
74,0.773026168
74,0.606302267
74,0.858908397
74,0.756271344
74,0.650672644
74,0.74033246
74,0.631953228
74,0.70494504
74,0.676925445
74,0.616354144
74,0.692897129
74,0.705004168
75,0.708792835
75,0.95094313
75,0.704223341
75,0.701681018
75,0.896863139
75,0.75722031
75,0.640410471
75,0.927524137
75,0.701730233
75,0.796359807
75,0.620333546
75,0.740753621
75,0.812726998
75,0.716391152
75,0.641647446
75,0.617379373
75,0.813911819
75,0.746276385
75,0.790711296
75,0.688913059
75,0.75753237
75,0.920705521
75,0.716066945
75,0.665685302
75,0.651529557
75,0.90795747
75,0.655511296
75,0.69729014
75,0.635189229
75,0.62478106
75,0.620632339
75,0.639951009
75,0.643822998
75,0.629611385
75,0.945810342
75,0.682184952
75,0.675320494
75,0.926931238
75,0.778536397
75,0.614887363
75,0.86529097
75,0.759585595
75,0.635488951
75,0.734028858
75,0.639288181
75,0.712435341
75,0.683113098
75,0.619918823
75,0.670455617
75,0.712795269
76,0.691084802
76,0.950796831
76,0.715529728
76,0.700715214
76,0.915365064
76,0.744764203
76,0.64749046
76,0.929628807
76,0.701513278
76,0.795764536
76,0.62413156
76,0.72418341
76,0.844430554
76,0.732265395
76,0.629033381
76,0.6129179
76,0.812059844
76,0.750375539
76,0.784635174
76,0.661136854
76,0.743600172
76,0.923711056
76,0.69628039
76,0.663461637
76,0.640531075
76,0.865943694
76,0.652235186
76,0.667046112
76,0.637105364
76,0.619742388
76,0.609005541
76,0.634241635
76,0.634177881
76,0.622796881
76,0.933694744
76,0.701866221
76,0.678445101
76,0.912905747
76,0.772022057
76,0.609420049
76,0.864208817
76,0.772103262
76,0.646154541
76,0.739798963
76,0.641477513
76,0.700990236
76,0.679508668
76,0.618627518
76,0.672817886
76,0.678772753
77,0.700858825
77,0.962478572
77,0.706167847
77,0.688960892
77,0.918787616
77,0.756683499
77,0.646055961
77,0.885613388
77,0.684040093
77,0.792958802
77,0.622486752
77,0.716028154
77,0.829301113
77,0.720822603
77,0.65151583
77,0.620613158
77,0.780550927
77,0.749230826
77,0.796054018
77,0.658793688
77,0.741174001
77,0.897362661
77,0.712471604
77,0.655538493
77,0.645546687
77,0.882832092
77,0.656289065
77,0.710197127
77,0.632983977
77,0.612242472
77,0.610805988
77,0.640450025
77,0.669258863
77,0.621965855
77,0.944601184
77,0.703696066
77,0.685340154
77,0.934996325
77,0.782052392
77,0.61003899
77,0.840649027
77,0.752371085
77,0.651929444
77,0.735981667
77,0.640634263
77,0.690461361
77,0.668915021
77,0.61267522
77,0.674116516
77,0.688063592
78,0.697607017
78,0.970361853
78,0.729626566
78,0.682875389
78,0.918550366
78,0.751192522
78,0.658937591
78,0.937621677
78,0.697972023
78,0.797894889
78,0.623955649
78,0.754851037
78,0.826490462
78,0.697380269
78,0.642065763
78,0.617985505
78,0.819334441
78,0.765543163
78,0.821191221
78,0.682037592
78,0.767680079
78,0.927086449
78,0.691796041
78,0.651008976
78,0.661102575
78,0.916007328
78,0.654224998
78,0.690654874
78,0.629591006
78,0.620124137
78,0.618515158
78,0.643151683
78,0.648687053
78,0.632786816
78,0.934878772
78,0.670481515
78,0.658795196
78,0.963785315
78,0.770541656
78,0.614321011
78,0.86722815
78,0.772146297
78,0.655618513
78,0.743326867
78,0.640463638
78,0.705898798
78,0.689687955
78,0.622595406
78,0.684256625
78,0.727057427
79,0.70181002
79,0.932502425
79,0.70841924
79,0.686449283
79,0.892456454
79,0.735175246
79,0.637153625
79,0.914165372
79,0.688430554
79,0.785402334
79,0.625467736
79,0.739643598
79,0.821065676
79,0.707988524
79,0.65853954
79,0.629636568
79,0.809186256
79,0.738643968
79,0.79578315
79,0.675674921
79,0.752398354
79,0.910058993
79,0.685703796
79,0.656802338
79,0.649645215
79,0.90305475
79,0.639592391
79,0.693601614
79,0.638349307
79,0.627424055
79,0.617928684
79,0.641538751
79,0.644097555
79,0.6245426
79,0.904811734
79,0.703622949
79,0.683985585
79,0.935917538
79,0.774222773
79,0.61560989
79,0.840468919
79,0.759675819
79,0.631314862
79,0.727915996
79,0.639413106
79,0.686311185
79,0.697191012
79,0.614859521
79,0.685107666
79,0.71102078
80,0.724668092
80,0.965262461
80,0.722167867
80,0.666963273
80,0.896476775
80,0.750359678
80,0.6451756
80,0.906612647
80,0.665433002
80,0.793303323
80,0.624332184
80,0.74572593
80,0.835744911
80,0.719978154
80,0.629194725
80,0.615634084
80,0.799355328
80,0.752277237
80,0.791594523
80,0.676031452
80,0.758084172
80,0.915245813
80,0.722767293
80,0.668490994
80,0.670858252
80,0.908919424
80,0.64334287
80,0.68373909
80,0.626454163
80,0.614170122
80,0.611219853
80,0.657606548
80,0.646343404
80,0.628526574
80,0.93346504
80,0.68952927
80,0.683693838
80,0.937648112
80,0.783367473
80,0.623422706
80,0.861276728
80,0.759404719
80,0.66415574
80,0.734926295
80,0.64099136
80,0.681319773
80,0.696586901
80,0.626301187
80,0.677348477
80,0.706187779
81,0.70115819
81,0.9454813
81,0.721699023
81,0.703713644
81,0.887862086
81,0.77499038
81,0.653987485
81,0.869355631
81,0.694403887
81,0.767187572
81,0.629032511
81,0.721183628
81,0.796749711
81,0.710685724
81,0.639832646
81,0.640436918
81,0.772815788
81,0.748441631
81,0.766636264
81,0.680125082
81,0.743577909
81,0.910932612
81,0.706659657
81,0.670810646
81,0.641303772
81,0.913164777
81,0.67442919
81,0.684568608
81,0.63246097
81,0.614897114
81,0.604371548
81,0.648532349
81,0.645927429
81,0.633111501
81,0.90651837
81,0.686530852
81,0.67261259
81,0.90953927
81,0.778239965
81,0.623513424
81,0.847823364
81,0.770379013
81,0.655666918
81,0.730958843
81,0.648711234
81,0.683074677
81,0.681511241
81,0.628026503
81,0.675638902
81,0.7197891
82,0.712864453
82,0.944309551
82,0.71981439
82,0.691578132
82,0.90282414
82,0.743610817
82,0.664087731
82,0.933093649
82,0.73406902
82,0.786251479
82,0.633513951
82,0.754574728
82,0.814235544
82,0.733498681
82,0.662148267
82,0.632058525
82,0.802988023
82,0.748185343
82,0.776393753
82,0.673192179
82,0.751793373
82,0.911500043
82,0.722865337
82,0.680071825
82,0.665052783
82,0.908970392
82,0.649933213
82,0.693328011
82,0.635231262
82,0.622542006
82,0.61888451
82,0.657280976
82,0.658256179
82,0.632280618
82,0.925913239
82,0.700228107
82,0.692918724
82,0.899433333
82,0.778383952
82,0.626598066
82,0.831624454
82,0.766969585
82,0.642058748
82,0.721288973
82,0.64741028
82,0.693977684
82,0.681073731
82,0.622051913
82,0.690383238
82,0.686419737
83,0.701321751
83,0.952564001
83,0.724465132
83,0.684642869
83,0.917987448
83,0.772153062
83,0.63455444
83,0.902796096
83,0.688111728
83,0.781238395
83,0.625160372
83,0.744430375
83,0.814492714
83,0.711705679
83,0.658587992
83,0.617532712
83,0.804776734
83,0.759680563
83,0.801494771
83,0.678190511
83,0.764321321
83,0.923267335
83,0.713774812
83,0.663178211
83,0.672280079
83,0.912680644
83,0.642386723
83,0.70680238
83,0.626772803
83,0.626913077
83,0.625455344
83,0.641031247
83,0.659903204
83,0.632697719
83,0.938930118
83,0.69847064
83,0.670436645
83,0.916500646
83,0.781937402
83,0.618419737
83,0.848707026
83,0.760788947
83,0.654158109
83,0.763335299
83,0.648662883
83,0.703312021
83,0.699050105
83,0.627870184
83,0.668081236
83,0.715108788
84,0.710474211
84,0.93578642
84,0.729113764
84,0.696709424
84,0.891463536
84,0.744011384
84,0.644923717
84,0.90258835
84,0.695816326
84,0.766834629
84,0.627030998
84,0.747501916
84,0.800383627
84,0.714474142
84,0.66061644
84,0.627322
84,0.829673719
84,0.755897331
84,0.790023482
84,0.663773465
84,0.758491993
84,0.903663731
84,0.724968219
84,0.674982309
84,0.668509042
84,0.892182428
84,0.649326354
84,0.689831954
84,0.63312549
84,0.639688182
84,0.607793444
84,0.648068756
84,0.652685577
84,0.631916487
84,0.927805984
84,0.695585722
84,0.667540616
84,0.906203127
84,0.790194017
84,0.618406641
84,0.841384238
84,0.775791216
84,0.658109307
84,0.717904717
84,0.645876926
84,0.67417382
84,0.674678391
84,0.620443285
84,0.679605848
84,0.695194149
85,0.694309646
85,0.954483378
85,0.720372653
85,0.687306136
85,0.908951521
85,0.755016482
85,0.643309736
85,0.940004873
85,0.68704735
85,0.780156153
85,0.629709268
85,0.742414296
85,0.795061326
85,0.706514788
85,0.649184793
85,0.614613283
85,0.797767603
85,0.75257321
85,0.810771084
85,0.668497038
85,0.740339255
85,0.923802376
85,0.70775609
85,0.677566183
85,0.67399143
85,0.915503663
85,0.655122864
85,0.684094864
85,0.641859257
85,0.638133031
85,0.611009508
85,0.659919137
85,0.64733749
85,0.631602961
85,0.933945948
85,0.685396481
85,0.672405338
85,0.923841578
85,0.792924613
85,0.623153043
85,0.846138567
85,0.767705005
85,0.677746248
85,0.738957494
85,0.647188163
85,0.693985623
85,0.698323888
85,0.628927463
85,0.684288979
85,0.685165298
86,0.737981212
86,0.953253841
86,0.731888014
86,0.687591285
86,0.931250465
86,0.72659502
86,0.657005316
86,0.970990288
86,0.714663875
86,0.804626441
86,0.629616386
86,0.737025607
86,0.839316142
86,0.72119354
86,0.651380348
86,0.62432161
86,0.831170374
86,0.752959573
86,0.79432525
86,0.684499526
86,0.764782161
86,0.924697661
86,0.715942305
86,0.663955122
86,0.676118636
86,0.897608066
86,0.657483202
86,0.708707213
86,0.636430383
86,0.62267136
86,0.626126295
86,0.64035762
86,0.654239035
86,0.635942137
86,0.932478368
86,0.682447636
86,0.683056003
86,0.932499713
86,0.77478354
86,0.621463042
86,0.861703098
86,0.772910279
86,0.670051628
86,0.730508947
86,0.651483214
86,0.705193257
86,0.688190877
86,0.623077917
86,0.676783872
86,0.711102277
87,0.726706332
87,0.941279906
87,0.72128824
87,0.707578307
87,0.875390458
87,0.78780964
87,0.661225533
87,0.927482557
87,0.68763144
87,0.773539078
87,0.638297158
87,0.724835485
87,0.810239005
87,0.742411184
87,0.667516613
87,0.635286462
87,0.805038732
87,0.72544139
87,0.791457522
87,0.677850616
87,0.745008695
87,0.905313832
87,0.733053559
87,0.673216426
87,0.663761044
87,0.905458766
87,0.657316321
87,0.690835941
87,0.625468838
87,0.637762487
87,0.620034593
87,0.6557464
87,0.660548395
87,0.646494663
87,0.889614165
87,0.708782029
87,0.702349329
87,0.915376073
87,0.786290091
87,0.630153024
87,0.84083268
87,0.771613711
87,0.677425045
87,0.724032331
87,0.656987685
87,0.710165906
87,0.692473519
87,0.630592072
87,0.714205605
87,0.695362365
88,0.706562871
88,0.948789877
88,0.705736601
88,0.69119513
88,0.886131448
88,0.748359138
88,0.661395395
88,0.903665262
88,0.700925875
88,0.769543123
88,0.635393685
88,0.731890363
88,0.813307673
88,0.728777355
88,0.64235388
88,0.639668691
88,0.781321377
88,0.755476379
88,0.782639843
88,0.670084363
88,0.758577991
88,0.903821808
88,0.716039824
88,0.662362766
88,0.645872539
88,0.887725443
88,0.665992373
88,0.710655165
88,0.641822278
88,0.633156514
88,0.621344602
88,0.649077082
88,0.647707081
88,0.638992977
88,0.914498329
88,0.666569853
88,0.682030594
88,0.896612573
88,0.787822181
88,0.627129275
88,0.83465904
88,0.769430161
88,0.65953756
88,0.739060086
88,0.651558203
88,0.69054696
88,0.681650466
88,0.621970123
88,0.681542462
88,0.722110271
89,0.700512975
89,0.941711873
89,0.726024222
89,0.690701002
89,0.913240051
89,0.738745242
89,0.666414618
89,0.942375761
89,0.720625591
89,0.792557949
89,0.634515381
89,0.711229265
89,0.830155319
89,0.718658262
89,0.653662157
89,0.612259835
89,0.8002653
89,0.753837574
89,0.795831496
89,0.688349926
89,0.757828999
89,0.905760342
89,0.738977516
89,0.663987535
89,0.679889554
89,0.916380405
89,0.659839916
89,0.682265645
89,0.639286202
89,0.628426999
89,0.614596188
89,0.667048335
89,0.667903376
89,0.632324922
89,0.922505277
89,0.695700771
89,0.693890548
89,0.922204971
89,0.777545267
89,0.621893483
89,0.846854919
89,0.761326677
89,0.666764402
89,0.744664806
89,0.651884502
89,0.722150385
89,0.671708375
89,0.637015241
89,0.698307526
89,0.712450016
90,0.729928988
90,0.930437285
90,0.720297307
90,0.70229491
90,0.876433003
90,0.753875726
90,0.665027767
90,0.882782131
90,0.689492011
90,0.782906079
90,0.630836695
90,0.73816238
90,0.819301885
90,0.730792361
90,0.649760479
90,0.631576562
90,0.781736928
90,0.745638508
90,0.793030488
90,0.667158806
90,0.739043325
90,0.897992301
90,0.716786748
90,0.67999177
90,0.651773405
90,0.911567259
90,0.664213628
90,0.698265058
90,0.634792
90,0.624811852
90,0.619080138
90,0.655138195
90,0.656197041
90,0.635250944
90,0.928019184
90,0.693297988
90,0.686228204
90,0.913322496
90,0.783791345
90,0.625247252
90,0.826947528
90,0.776538855
90,0.659500647
90,0.718773419
90,0.652254748
90,0.695955664
90,0.691270339
90,0.641666305
90,0.698765028
90,0.719963008
91,0.724578655
91,0.939214516
91,0.729739887
91,0.682125854
91,0.884098607
91,0.74530465
91,0.652672929
91,0.907771957
91,0.687796623
91,0.783037806
91,0.640936214
91,0.714019227
91,0.798597997
91,0.729845124
91,0.654576629
91,0.639325607
91,0.804402852
91,0.757611507
91,0.808645976
91,0.678468907
91,0.735708749
91,0.910353047
91,0.71447497
91,0.670367998
91,0.660812998
91,0.905349958
91,0.658257735
91,0.689758605
91,0.650258791
91,0.644949353
91,0.610264397
91,0.654392368
91,0.663974911
91,0.648091769
91,0.918617582
91,0.674910414
91,0.692174244
91,0.909529448
91,0.766175991
91,0.6324956
91,0.8090608
91,0.786523473
91,0.677004427
91,0.748391616
91,0.661161739
91,0.715640748
91,0.703341317
91,0.640721381
91,0.717882001
91,0.702050686
92,0.707219285
92,0.939328098
92,0.707634771
92,0.692800981
92,0.902132154
92,0.7418459
92,0.662696713
92,0.903506911
92,0.695490277
92,0.78611958
92,0.632660323
92,0.71766758
92,0.839378947
92,0.716297913
92,0.647550249
92,0.622684544
92,0.795215601
92,0.745985359
92,0.802607948
92,0.664874423
92,0.748461676
92,0.916173744
92,0.690258026
92,0.674599624
92,0.648362553
92,0.903582215
92,0.66751551
92,0.685944289
92,0.642577118
92,0.621748137
92,0.608222139
92,0.654329616
92,0.654912525
92,0.64075644
92,0.93612507
92,0.69019199
92,0.694059741
92,0.950165069
92,0.777022767
92,0.621995771
92,0.843439257
92,0.774617922
92,0.66357277
92,0.754565549
92,0.652270335
92,0.694487792
92,0.69933145
92,0.629070866
92,0.697671819
92,0.700964129
93,0.707040393
93,0.936748284
93,0.721260953
93,0.703502184
93,0.916122359
93,0.752732188
93,0.645123684
93,0.910952038
93,0.713622606
93,0.800405985
93,0.636850804
93,0.734591079
93,0.808713186
93,0.721640354
93,0.653355449
93,0.646617866
93,0.797548223
93,0.754782212
93,0.798589522
93,0.694202214
93,0.75264731
93,0.903073335
93,0.703616083
93,0.670322251
93,0.666054839
93,0.911544991
93,0.67360729
93,0.704954565
93,0.636815977
93,0.633361
93,0.620355362
93,0.653919864
93,0.658455378
93,0.641378164
93,0.895227426
93,0.712632835
93,0.70155282
93,0.932861805
93,0.781785607
93,0.630573612
93,0.850837487
93,0.76193977
93,0.652159882
93,0.753652382
93,0.654408079
93,0.690136135
93,0.701053303
93,0.623816049
93,0.686086261
93,0.7004556
94,0.73077035
94,0.933621156
94,0.737881637
94,0.726772803
94,0.904619545
94,0.741833502
94,0.66123246
94,0.898231703
94,0.740000743
94,0.776478755
94,0.639344203
94,0.739902174
94,0.820649529
94,0.721258336
94,0.662541503
94,0.650279289
94,0.805204719
94,0.750612569
94,0.791568017
94,0.67671138
94,0.770519549
94,0.902506471
94,0.71820522
94,0.674893272
94,0.70094685
94,0.892938554
94,0.678091776
94,0.702665788
94,0.64136306
94,0.639865547
94,0.630251855
94,0.64899174
94,0.659414929
94,0.645328802
94,0.949788547
94,0.689354646
94,0.69185676
94,0.928350157
94,0.782851058
94,0.633219874
94,0.848208034
94,0.780843377
94,0.670862579
94,0.744865495
94,0.660701776
94,0.706215018
94,0.686715615
94,0.637373579
94,0.677615076
94,0.689205843
95,0.722636998
95,0.922456688
95,0.722282487
95,0.712578654
95,0.873139727
95,0.754862761
95,0.666015977
95,0.874116343
95,0.682490885
95,0.779488629
95,0.638012981
95,0.74836911
95,0.795422769
95,0.739200431
95,0.667773807
95,0.647954571
95,0.793471801
95,0.745677096
95,0.78634001
95,0.671487278
95,0.748961473
95,0.905211091
95,0.718344128
95,0.684983277
95,0.649410468
95,0.88425101
95,0.660498208
95,0.697547656
95,0.649771154
95,0.64737404
95,0.617554933
95,0.659122878
95,0.659401846
95,0.642060864
95,0.924747336
95,0.69030503
95,0.691831684
95,0.888544846
95,0.791886091
95,0.631463045
95,0.833723128
95,0.777418774
95,0.675330365
95,0.739030546
95,0.657405734
95,0.706724197
95,0.701946855
95,0.626139605
95,0.675592327
95,0.716275674
96,0.710473961
96,0.953004593
96,0.727508712
96,0.700958836
96,0.895492917
96,0.772737336
96,0.656221074
96,0.866325134
96,0.704091495
96,0.772053957
96,0.640390712
96,0.763397509
96,0.796757209
96,0.72100668
96,0.668301988
96,0.653744507
96,0.797284031
96,0.755020148
96,0.791607749
96,0.676914811
96,0.760025144
96,0.89204008
96,0.70586319
96,0.684512311
96,0.651740813
96,0.883990061
96,0.665745753
96,0.703741181
96,0.638590896
96,0.634623736
96,0.622779638
96,0.659248799
96,0.65647769
96,0.640905517
96,0.915658629
96,0.694298613
96,0.671446979
96,0.913675719
96,0.800790507
96,0.630700672
96,0.848087996
96,0.775282764
96,0.672111416
96,0.754396456
96,0.656673253
96,0.721170437
96,0.699095118
96,0.62894035
96,0.694475907
96,0.696551245
97,0.730021948
97,0.967524904
97,0.736584103
97,0.703598219
97,0.880116963
97,0.741072768
97,0.669625646
97,0.900808692
97,0.695336354
97,0.794264072
97,0.636285001
97,0.749071163
97,0.826795274
97,0.738117576
97,0.664255542
97,0.631217372
97,0.77505942
97,0.761474419
97,0.789905185
97,0.673511904
97,0.74675681
97,0.930382079
97,0.727380931
97,0.684918928
97,0.683795589
97,0.887168276
97,0.662779582
97,0.719212121
97,0.646811056
97,0.632214403
97,0.633471406
97,0.652744061
97,0.659024876
97,0.633449137
97,0.936685741
97,0.707040566
97,0.661931765
97,0.930946004
97,0.782608318
97,0.629184723
97,0.825735784
97,0.763357538
97,0.669549865
97,0.764007723
97,0.654113078
97,0.697166872
97,0.703414482
97,0.642965198
97,0.69787389
97,0.691592771
98,0.717802083
98,0.93721025
98,0.723933017
98,0.694584155
98,0.921392107
98,0.762128538
98,0.666310555
98,0.898337239
98,0.708979249
98,0.783748376
98,0.641139007
98,0.743044466
98,0.819608045
98,0.732099527
98,0.661574948
98,0.652109045
98,0.796647406
98,0.747400624
98,0.797170073
98,0.6896245
98,0.750695878
98,0.88949464
98,0.720417595
98,0.680067629
98,0.676856887
98,0.888946444
98,0.679995435
98,0.710010672
98,0.647283411
98,0.64746989
98,0.636107886
98,0.664837092
98,0.669810122
98,0.64651041
98,0.959675074
98,0.67777791
98,0.703139126
98,0.935676295
98,0.800659037
98,0.635707027
98,0.834112144
98,0.780643779
98,0.682870907
98,0.751264966
98,0.659633791
98,0.705776399
98,0.721727699
98,0.64117046
98,0.706546831
98,0.724679714
99,0.706349099
99,0.93417809
99,0.707079518
99,0.721509522
99,0.900513351
99,0.750098807
99,0.680909163
99,0.935500914
99,0.680432642
99,0.792732799
99,0.645232868
99,0.71179679
99,0.832442206
99,0.727631074
99,0.663830638
99,0.652433932
99,0.786962575
99,0.737685329
99,0.784177452
99,0.680191702
99,0.737539613
99,0.898634541
99,0.723038679
99,0.694678152
99,0.658845711
99,0.884842181
99,0.657987082
99,0.688141572
99,0.651210684
99,0.636500674
99,0.633566862
99,0.664712411
99,0.65185535
99,0.649146926
99,0.906489336
99,0.691165656
99,0.697289801
99,0.910785025
99,0.791316366
99,0.638104284
99,0.837791777
99,0.764380252
99,0.666986263
99,0.723608607
99,0.663715774
99,0.701776773
99,0.691342145
99,0.641953158
99,0.70904814
99,0.714147973
100,0.721801645
100,0.947216016
100,0.758280486
100,0.701370895
100,0.878987932
100,0.749926287
100,0.656402838
100,0.922191131
100,0.686735153
100,0.803422046
100,0.641801304
100,0.73520357
100,0.810854751
100,0.719686401
100,0.668741542
100,0.652211636
100,0.793019843
100,0.753492284
100,0.788855821
100,0.690642774
100,0.757615763
100,0.925035393
100,0.728727561
100,0.697236246
100,0.66806041
100,0.900118917
100,0.664676541
100,0.702616763
100,0.660769421
100,0.647332138
100,0.635667962
100,0.655623597
100,0.673279607
100,0.635471588
100,0.927173311
100,0.693007576
100,0.695814639
100,0.925438762
100,0.783878261
100,0.630762964
100,0.846708542
100,0.770786142
100,0.653614402
100,0.747457206
100,0.661197782
100,0.697562999
100,0.695168567
100,0.641637892
100,0.687813735
100,0.71298998